Date,Unit,Profit,HR,SOx,NOx,Gen,Ash Util,Coal Ash %,Biomass,Solar,Vacuum,MS Temp,FG Temp,Spray
2024-04-01,1,,2315.850067,,,8.402,,,,,,,,
2024-04-01,2,,2299.249559,,,8.426,,,,,,,,
2024-04-01,3,,2307.170191,,,8.422,,,,,,,,
2024-04-02,1,,2329.103153,,,7.286,,,,,,,,
2024-04-02,2,,2298.755051,,,8.462,,,,,,,,
2024-04-02,3,,2308.357786,,,8.436,,,,,,,,
2024-04-03,1,,2318.196088,,,8.4,,,,,,,,
2024-04-03,2,,2300.671884,,,8.432,,,,,,,,
2024-04-03,3,,2310.236748,,,8.476,,,,,,,,
2024-04-04,1,,2318.716119,,,8.444,,,,,,,,
2024-04-04,2,,2303.122825,,,8.464,,,,,,,,
2024-04-04,3,,2309.707321,,,8.48,,,,,,,,
2024-04-05,1,,2318.389919,,,8.401,,,,,,,,
2024-04-05,2,,2304.202196,,,8.469,,,,,,,,
2024-04-05,3,,2309.315397,,,8.478,,,,,,,,
2024-04-06,1,,2320.730192,,,8.416,,,,,,,,
2024-04-06,2,,2303.851189,,,8.49,,,,,,,,
2024-04-06,3,,2310.768079,,,8.448,,,,,,,,
2024-04-07,1,,2322.690422,,,8.098,,,,,,,,
2024-04-07,2,,2304.381843,,,8.266,,,,,,,,
2024-04-07,3,,2312.556039,,,8.12,,,,,,,,
2024-04-08,1,,2320.295662,,,8.254,,,,,,,,
2024-04-08,2,,2303.364745,,,8.36,,,,,,,,
2024-04-08,3,,2343.136088,,,6.074,,,,,,,,
2024-04-09,1,,2322.078861,,,8.236,,,,,,,,
2024-04-09,2,,2305.298645,,,8.302,,,,,,,,
2024-04-09,3,,2310.954167,,,8.316,,,,,,,,
2024-04-10,1,,2328.179917,,,7.79,,,,,,,,
2024-04-10,2,,2309.270388,,,7.868,,,,,,,,
2024-04-10,3,,2308.630638,,,8.462,,,,,,,,
2024-04-11,1,,2326.350699,,,7.788,,,,,,,,
2024-04-11,2,,2308.559298,,,7.918,,,,,,,,
2024-04-11,3,,2313.184971,,,8.314,,,,,,,,
2024-04-12,1,,2328.824207,,,7.736,,,,,,,,
2024-04-12,2,,2309.921051,,,7.882,,,,,,,,
2024-04-12,3,,2309.80938,,,8.452,,,,,,,,
2024-04-13,1,,2322.7785,,,8.202,,,,,,,,
2024-04-13,2,,2305.876228,,,8.262,,,,,,,,
2024-04-13,3,,2308.684429,,,8.464,,,,,,,,
2024-04-14,1,,2324.726017,,,8.07,,,,,,,,
2024-04-14,2,,2306.468225,,,8.274,,,,,,,,
2024-04-14,3,,2310.951666,,,8.4,,,,,,,,
2024-04-15,1,,2319.903558,,,8.328,,,,,,,,
2024-04-15,2,,2259.341242,,,8.482,,,,,,,,
2024-04-15,3,,2315.139845,,,7.94,,,,,,,,
2024-04-16,1,,2325.624209,,,8.122,,,,,,,,
2024-04-16,2,,2318.902102,,,8.356,,,,,,,,
2024-04-16,3,,2312.415903,,,8.486,,,,,,,,
2024-04-17,1,,2324.8126,,,8.168,,,,,,,,
2024-04-17,2,,2254.288118,,,2.764,,,,,,,,
2024-04-17,3,,2311.522292,,,8.47,,,,,,,,
2024-04-18,1,,2323.155822,,,8.372,,,,,,,,
2024-04-18,2,,0.0,,,0.0,,,,,,,,
2024-04-18,3,,2312.201311,,,8.462,,,,,,,,
2024-04-19,1,,2335.292963,,,7.292,,,,,,,,
2024-04-19,2,,2631.296762,,,1.304,,,,,,,,
2024-04-19,3,,2311.149945,,,8.446,,,,,,,,
2024-04-20,1,,2342.57594,,,6.494,,,,,,,,
2024-04-20,2,,2311.982393,,,7.698,,,,,,,,
2024-04-20,3,,2309.70295,,,8.466,,,,,,,,
2024-04-21,1,,2327.573737,,,7.766,,,,,,,,
2024-04-21,2,,2315.552449,,,7.626,,,,,,,,
2024-04-21,3,,2311.41057,,,8.468,,,,,,,,
2024-04-22,1,,2331.963611,,,7.95,,,,,,,,
2024-04-22,2,,2310.329905,,,8.4,,,,,,,,
2024-04-22,3,,2312.22787,,,8.486,,,,,,,,
2024-04-23,1,,2329.748325,,,8.142,,,,,,,,
2024-04-23,2,,2312.407105,,,8.401,,,,,,,,
2024-04-23,3,,2361.624294,,,4.622,,,,,,,,
2024-04-24,1,,2327.839838,,,8.272,,,,,,,,
2024-04-24,2,,2313.125843,,,8.362,,,,,,,,
2024-04-24,3,,2371.198179,,,3.866,,,,,,,,
2024-04-25,1,,2325.953624,,,8.352,,,,,,,,
2024-04-25,2,,2310.033589,,,8.401,,,,,,,,
2024-04-25,3,,2282.429144,,,0.36,,,,,,,,
2024-04-26,1,,2328.111654,,,8.482,,,,,,,,
2024-04-26,2,,2311.46377,,,8.513,,,,,,,,
2024-04-26,3,,0.0,,,0.0,,,,,,,,
2024-04-27,1,,2325.245693,,,8.502,,,,,,,,
2024-04-27,2,,2311.374697,,,8.536,,,,,,,,
2024-04-27,3,,0.0,,,0.0,,,,,,,,
2024-04-28,1,,2332.926584,,,8.33,,,,,,,,
2024-04-28,2,,2310.267222,,,8.338,,,,,,,,
2024-04-28,3,,0.0,,,0.0,,,,,,,,
2024-04-29,1,,2334.133939,,,8.482,,,,,,,,
2024-04-29,2,,2314.025579,,,8.502,,,,,,,,
2024-04-29,3,,0.0,,,0.0,,,,,,,,
2024-04-30,1,,2335.216666,,,8.452,,,,,,,,
2024-04-30,2,,2313.814061,,,8.504,,,,,,,,
2024-04-30,3,,0.0,,,0.0,,,,,,,,
2024-05-01,1,,2339.280108,,,8.076,,,,,,,,
2024-05-01,2,,2314.291834,,,8.234,,,,,,,,
2024-05-01,3,,0.0,,,0.0,,,,,,,,
2024-05-02,1,,2341.020345,,,8.14,,,,,,,,
2024-05-02,2,,2315.251447,,,8.216,,,,,,,,
2024-05-02,3,,2349.293287,,,1.982,,,,,,,,
2024-05-03,1,,2337.567306,,,8.448,,,,,,,,
2024-05-03,2,,2312.079203,,,8.486,,,,,,,,
2024-05-03,3,,2323.360657,,,8.434,,,,,,,,
2024-05-04,1,,2337.345253,,,8.458,,,,,,,,
2024-05-04,2,,2315.152451,,,8.5,,,,,,,,
2024-05-04,3,,2321.188301,,,8.404,,,,,,,,
2024-05-05,1,,2338.065867,,,8.434,,,,,,,,
2024-05-05,2,,2315.585541,,,8.442,,,,,,,,
2024-05-05,3,,2319.795515,,,8.432,,,,,,,,
2024-05-06,1,,2340.967147,,,8.446,,,,,,,,
2024-05-06,2,,2312.092519,,,8.486,,,,,,,,
2024-05-06,3,,2322.613651,,,7.992,,,,,,,,
2024-05-07,1,,2352.010204,,,7.316,,,,,,,,
2024-05-07,2,,2313.614744,,,8.464,,,,,,,,
2024-05-07,3,,2324.61429,,,7.896,,,,,,,,
2024-05-08,1,,2346.883568,,,7.64,,,,,,,,
2024-05-08,2,,2317.248979,,,8.188,,,,,,,,
2024-05-08,3,,2320.263975,,,8.434,,,,,,,,
2024-05-09,1,,2344.892644,,,8.032,,,,,,,,
2024-05-09,2,,2313.493095,,,8.4,,,,,,,,
2024-05-09,3,,2317.922965,,,8.442,,,,,,,,
2024-05-10,1,,2339.672855,,,8.46,,,,,,,,
2024-05-10,2,,2313.652392,,,8.406,,,,,,,,
2024-05-10,3,,2323.923087,,,8.182,,,,,,,,
2024-05-11,1,,2351.803036,,,7.246,,,,,,,,
2024-05-11,2,,2330.328578,,,7.524,,,,,,,,
2024-05-11,3,,2318.280461,,,8.47,,,,,,,,
2024-05-12,1,,2341.933901,,,8.403,,,,,,,,
2024-05-12,2,,2335.011698,,,3.052,,,,,,,,
2024-05-12,3,,2327.26324,,,7.95,,,,,,,,
2024-05-13,1,,2340.738831,,,8.45,,,,,,,,
2024-05-13,2,,0.0,,,0.0,,,,,,,,
2024-05-13,3,,2320.324289,,,8.436,,,,,,,,
2024-05-14,1,,2338.679771,,,8.46,,,,,,,,
2024-05-14,2,,0.0,,,0.0,,,,,,,,
2024-05-14,3,,2320.747201,,,8.442,,,,,,,,
2024-05-15,1,,2339.295132,,,8.401,,,,,,,,
2024-05-15,2,,2340.0776,,,2.126,,,,,,,,
2024-05-15,3,,2319.240695,,,8.44,,,,,,,,
2024-05-16,1,,2340.234058,,,8.46,,,,,,,,
2024-05-16,2,,2319.618204,,,8.458,,,,,,,,
2024-05-16,3,,2320.936907,,,8.466,,,,,,,,
2024-05-17,1,,2342.103956,,,8.415,,,,,,,,
2024-05-17,2,,2322.528603,,,8.446,,,,,,,,
2024-05-17,3,,2321.324276,,,8.45,,,,,,,,
2024-05-18,1,,2337.819341,,,8.46,,,,,,,,
2024-05-18,2,,2321.474932,,,8.422,,,,,,,,
2024-05-18,3,,2321.199986,,,8.444,,,,,,,,
2024-05-19,1,,2341.298444,,,8.404,,,,,,,,
2024-05-19,2,,2320.816827,,,8.458,,,,,,,,
2024-05-19,3,,2321.345318,,,8.446,,,,,,,,
2024-05-20,1,,2340.742581,,,8.43,,,,,,,,
2024-05-20,2,,2329.492218,,,7.622,,,,,,,,
2024-05-20,3,,2321.290294,,,8.454,,,,,,,,
2024-05-21,1,,2348.748393,,,7.626,,,,,,,,
2024-05-21,2,,2319.038883,,,8.5,,,,,,,,
2024-05-21,3,,2320.22792,,,8.448,,,,,,,,
2024-05-22,1,,2341.919277,,,8.454,,,,,,,,
2024-05-22,2,,2321.193034,,,8.456,,,,,,,,
2024-05-22,3,,2318.211321,,,8.468,,,,,,,,
2024-05-23,1,,2342.199038,,,8.498,,,,,,,,
2024-05-23,2,,2322.753285,,,8.406,,,,,,,,
2024-05-23,3,,2322.086844,,,8.324,,,,,,,,
2024-05-24,1,,2344.079447,,,8.548,,,,,,,,
2024-05-24,2,,2319.747603,,,8.442,,,,,,,,
2024-05-24,3,,2318.601376,,,8.464,,,,,,,,
2024-05-25,1,,2344.406195,,,8.446,,,,,,,,
2024-05-25,2,,2321.202542,,,8.486,,,,,,,,
2024-05-25,3,,2319.167669,,,8.43,,,,,,,,
2024-05-26,1,,2344.842551,,,8.282,,,,,,,,
2024-05-26,2,,2322.990864,,,8.342,,,,,,,,
2024-05-26,3,,2325.775106,,,7.768,,,,,,,,
2024-05-27,1,,2342.749844,,,8.417,,,,,,,,
2024-05-27,2,,2320.874323,,,8.409,,,,,,,,
2024-05-27,3,,2321.760265,,,8.458,,,,,,,,
2024-05-28,1,,2351.853854,,,8.302,,,,,,,,
2024-05-28,2,,2318.68634,,,8.49,,,,,,,,
2024-05-28,3,,2320.490214,,,8.454,,,,,,,,
2024-05-29,1,,2347.100919,,,8.462,,,,,,,,
2024-05-29,2,,2320.389281,,,8.44,,,,,,,,
2024-05-29,3,,2322.860552,,,7.988,,,,,,,,
2024-05-30,1,,2348.724456,,,8.484,,,,,,,,
2024-05-30,2,,2318.252629,,,8.428,,,,,,,,
2024-05-30,3,,2319.474193,,,8.436,,,,,,,,
2024-05-31,1,,2351.09678,,,8.49,,,,,,,,
2024-05-31,2,,2318.337625,,,8.45,,,,,,,,
2024-05-31,3,,2320.592888,,,8.462,,,,,,,,
2024-06-01,1,,2339.475615,,,8.496,,,,,,,,
2024-06-01,2,,2319.329439,,,8.454,,,,,,,,
2024-06-01,3,,2322.945663,,,8.188,,,,,,,,
2024-06-02,1,,2343.192,,,8.458,,,,,,,,
2024-06-02,2,,2320.172885,,,8.476,,,,,,,,
2024-06-02,3,,2325.596596,,,7.89,,,,,,,,
2024-06-03,1,,2342.058744,,,8.444,,,,,,,,
2024-06-03,2,,2325.172807,,,5.966,,,,,,,,
2024-06-03,3,,2321.396584,,,8.358,,,,,,,,
2024-06-04,1,,2343.852768,,,8.082,,,,,,,,
2024-06-04,2,,2328.523599,,,6.888,,,,,,,,
2024-06-04,3,,2320.506087,,,8.43,,,,,,,,
2024-06-05,1,,2342.061802,,,8.413,,,,,,,,
2024-06-05,2,,2320.91077,,,8.495,,,,,,,,
2024-06-05,3,,2322.986264,,,8.22,,,,,,,,
2024-06-06,1,,2349.417545,,,7.89,,,,,,,,
2024-06-06,2,,2322.901552,,,8.14,,,,,,,,
2024-06-06,3,,2322.006736,,,8.1,,,,,,,,
2024-06-07,1,,2342.828947,,,8.401,,,,,,,,
2024-06-07,2,,2319.166543,,,8.519,,,,,,,,
2024-06-07,3,,2319.645679,,,8.452,,,,,,,,
2024-06-08,1,,2340.381061,,,8.4,,,,,,,,
2024-06-08,2,,2318.788296,,,8.546,,,,,,,,
2024-06-08,3,,2319.559082,,,8.462,,,,,,,,
2024-06-09,1,,2341.983669,,,8.402,,,,,,,,
2024-06-09,2,,2320.645299,,,8.432,,,,,,,,
2024-06-09,3,,2324.202631,,,8.072,,,,,,,,
2024-06-10,1,,2353.549462,,,7.46,,,,,,,,
2024-06-10,2,,2321.213516,,,8.494,,,,,,,,
2024-06-10,3,,2320.842904,,,8.444,,,,,,,,
2024-06-11,1,,2341.856666,,,8.41,,,,,,,,
2024-06-11,2,,2319.490482,,,8.514,,,,,,,,
2024-06-11,3,,2318.873069,,,8.442,,,,,,,,
2024-06-12,1,,2340.746753,,,8.414,,,,,,,,
2024-06-12,2,,2318.838275,,,8.54,,,,,,,,
2024-06-12,3,,2320.935422,,,8.406,,,,,,,,
2024-06-13,1,,2343.084385,,,8.438,,,,,,,,
2024-06-13,2,,2322.028847,,,8.48,,,,,,,,
2024-06-13,3,,2319.052648,,,8.448,,,,,,,,
2024-06-14,1,,2342.107869,,,8.458,,,,,,,,
2024-06-14,2,,2319.46907,,,8.456,,,,,,,,
2024-06-14,3,,2322.492968,,,8.232,,,,,,,,
2024-06-15,1,,2342.697771,,,8.416,,,,,,,,
2024-06-15,2,,2317.588576,,,8.514,,,,,,,,
2024-06-15,3,,2319.526632,,,8.472,,,,,,,,
2024-06-16,1,,2340.27782,,,8.442,,,,,,,,
2024-06-16,2,,2322.940937,,,8.462,,,,,,,,
2024-06-16,3,,2321.927843,,,8.186,,,,,,,,
2024-06-17,1,,2343.695077,,,8.432,,,,,,,,
2024-06-17,2,,2319.751939,,,8.482,,,,,,,,
2024-06-17,3,,2318.855289,,,8.466,,,,,,,,
2024-06-18,1,,2343.1132,,,8.418,,,,,,,,
2024-06-18,2,,2321.239404,,,8.404,,,,,,,,
2024-06-18,3,,2322.046609,,,8.174,,,,,,,,
2024-06-19,1,,2344.078213,,,8.401,,,,,,,,
2024-06-19,2,,2320.285352,,,8.447,,,,,,,,
2024-06-19,3,,2322.255913,,,8.39,,,,,,,,
2024-06-20,1,,2351.107384,,,7.831,,,,,,,,
2024-06-20,2,,2328.711028,,,7.847,,,,,,,,
2024-06-20,3,,2324.948742,,,6.406,,,,,,,,
2024-06-21,1,,2343.089957,,,8.403,,,,,,,,
2024-06-21,2,,2322.553672,,,8.477,,,,,,,,
2024-06-21,3,,2333.396827,,,6.204,,,,,,,,
2024-06-22,1,,2344.827486,,,8.45,,,,,,,,
2024-06-22,2,,2319.929528,,,8.472,,,,,,,,
2024-06-22,3,,2325.755107,,,7.96,,,,,,,,
2024-06-23,1,,2344.196422,,,8.442,,,,,,,,
2024-06-23,2,,2319.878297,,,8.477401,,,,,,,,
2024-06-23,3,,2332.174099,,,7.902,,,,,,,,
2024-06-24,1,,2341.116841,,,8.492,,,,,,,,
2024-06-24,2,,2320.970291,,,8.409674,,,,,,,,
2024-06-24,3,,2320.759902,,,8.25,,,,,,,,
2024-06-25,1,,2343.930278,,,8.51,,,,,,,,
2024-06-25,2,,2321.228423,,,8.4287,,,,,,,,
2024-06-25,3,,2323.501138,,,8.192,,,,,,,,
2024-06-26,1,,2344.333506,,,8.401,,,,,,,,
2024-06-26,2,,2322.124619,,,8.473,,,,,,,,
2024-06-26,3,,2332.146381,,,8.066,,,,,,,,
2024-06-27,1,,2344.590315,,,8.442,,,,,,,,
2024-06-27,2,,2322.150068,,,8.4615,,,,,,,,
2024-06-27,3,,2344.308086,,,8.114,,,,,,,,
2024-06-28,1,,2347.579386,,,8.148,,,,,,,,
2024-06-28,2,,2344.427786,,,5.9725,,,,,,,,
2024-06-28,3,,2331.190814,,,7.812,,,,,,,,
2024-06-29,1,,2343.931016,,,8.43,,,,,,,,
2024-06-29,2,,2369.825774,,,2.4504,,,,,,,,
2024-06-29,3,,2336.19778,,,7.526,,,,,,,,
2024-06-30,1,,2348.77696,,,7.91,,,,,,,,
2024-06-30,2,,2603.747817,,,0.6583,,,,,,,,
2024-06-30,3,,2329.860728,,,7.496,,,,,,,,
2024-07-01,1,,2349.544248,,,8.136,,,,,,,,
2024-07-01,2,,2324.891881,,,8.1913,,,,,,,,
2024-07-01,3,,2325.165984,,,8.212,,,,,,,,
2024-07-02,1,,2348.362164,,,8.024,,,,,,,,
2024-07-02,2,,2328.728404,,,7.680946,,,,,,,,
2024-07-02,3,,2329.164767,,,7.634,,,,,,,,
2024-07-03,1,,2350.111194,,,8.022,,,,,,,,
2024-07-03,2,,2326.072071,,,8.105844,,,,,,,,
2024-07-03,3,,2320.312112,,,8.372,,,,,,,,
2024-07-04,1,,2355.000398,,,7.532,,,,,,,,
2024-07-04,2,,2332.203755,,,7.5188,,,,,,,,
2024-07-04,3,,2324.078628,,,8.204,,,,,,,,
2024-07-05,1,,2345.755761,,,8.28,,,,,,,,
2024-07-05,2,,2320.911774,,,8.3493,,,,,,,,
2024-07-05,3,,2328.43714,,,8.114,,,,,,,,
2024-07-06,1,,2561.766222,,,0.974,,,,,,,,
2024-07-06,2,,2332.068224,,,7.5868,,,,,,,,
2024-07-06,3,,2326.00893,,,8.136,,,,,,,,
2024-07-07,1,,0.0,,,0.0,,,,,,,,
2024-07-07,2,,2335.511373,,,7.2993,,,,,,,,
2024-07-07,3,,2328.085593,,,7.974,,,,,,,,
2024-07-08,1,,0.0,,,0.0,,,,,,,,
2024-07-08,2,,2324.178704,,,8.5139,,,,,,,,
2024-07-08,3,,2321.612111,,,8.386,,,,,,,,
2024-07-09,1,,0.0,,,0.0,,,,,,,,
2024-07-09,2,,2322.770095,,,8.5076,,,,,,,,
2024-07-09,3,,2320.644914,,,8.401,,,,,,,,
2024-07-10,1,,0.0,,,0.0,,,,,,,,
2024-07-10,2,,2321.012466,,,8.4864,,,,,,,,
2024-07-10,3,,2322.467265,,,8.332,,,,,,,,
2024-07-11,1,,0.0,,,0.0,,,,,,,,
2024-07-11,2,,2319.860796,,,8.501891,,,,,,,,
2024-07-11,3,,2322.298221,,,8.34,,,,,,,,
2024-07-12,1,,0.0,,,0.0,,,,,,,,
2024-07-12,2,,2321.104543,,,8.268016,,,,,,,,
2024-07-12,3,,2324.576119,,,8.144,,,,,,,,
2024-07-13,1,,0.0,,,0.0,,,,,,,,
2024-07-13,2,,2322.277723,,,8.4582,,,,,,,,
2024-07-13,3,,2323.077771,,,8.222,,,,,,,,
2024-07-14,1,,0.0,,,0.0,,,,,,,,
2024-07-14,2,,2321.666035,,,8.474,,,,,,,,
2024-07-14,3,,2321.320028,,,8.302,,,,,,,,
2024-07-15,1,,0.0,,,0.0,,,,,,,,
2024-07-15,2,,2321.439438,,,8.4557,,,,,,,,
2024-07-15,3,,2319.840316,,,8.366,,,,,,,,
2024-07-16,1,,0.0,,,0.0,,,,,,,,
2024-07-16,2,,2320.362424,,,8.4796,,,,,,,,
2024-07-16,3,,2321.249729,,,8.36,,,,,,,,
2024-07-17,1,,0.0,,,0.0,,,,,,,,
2024-07-17,2,,2319.415324,,,8.4927,,,,,,,,
2024-07-17,3,,2323.652856,,,8.364,,,,,,,,
2024-07-18,1,,0.0,,,0.0,,,,,,,,
2024-07-18,2,,2322.238898,,,8.462,,,,,,,,
2024-07-18,3,,2322.663085,,,8.294,,,,,,,,
2024-07-19,1,,0.0,,,0.0,,,,,,,,
2024-07-19,2,,2319.664404,,,8.4881,,,,,,,,
2024-07-19,3,,2321.250085,,,8.16,,,,,,,,
2024-07-20,1,,0.0,,,0.0,,,,,,,,
2024-07-20,2,,2320.746582,,,8.448562,,,,,,,,
2024-07-20,3,,2320.964584,,,8.409,,,,,,,,
2024-07-21,1,,0.0,,,0.0,,,,,,,,
2024-07-21,2,,2320.31635,,,8.453828,,,,,,,,
2024-07-21,3,,2326.719846,,,8.153,,,,,,,,
2024-07-22,1,,0.0,,,0.0,,,,,,,,
2024-07-22,2,,2319.878064,,,8.454406,,,,,,,,
2024-07-22,3,,2321.871609,,,8.39,,,,,,,,
2024-07-23,1,,0.0,,,0.0,,,,,,,,
2024-07-23,2,,2317.710425,,,8.4627,,,,,,,,
2024-07-23,3,,2322.014736,,,8.402,,,,,,,,
2024-07-24,1,,0.0,,,0.0,,,,,,,,
2024-07-24,2,,2319.184383,,,8.4587,,,,,,,,
2024-07-24,3,,2320.739338,,,8.436,,,,,,,,
2024-07-25,1,,0.0,,,0.0,,,,,,,,
2024-07-25,2,,2319.614526,,,8.4543,,,,,,,,
2024-07-25,3,,2321.52538,,,8.406,,,,,,,,
2024-07-26,1,,0.0,,,0.0,,,,,,,,
2024-07-26,2,,2321.429289,,,8.4482,,,,,,,,
2024-07-26,3,,2322.324515,,,8.37,,,,,,,,
2024-07-27,1,,0.0,,,0.0,,,,,,,,
2024-07-27,2,,2349.533448,,,5.7358,,,,,,,,
2024-07-27,3,,2321.751927,,,8.368,,,,,,,,
2024-07-28,1,,0.0,,,0.0,,,,,,,,
2024-07-28,2,,2323.263518,,,8.0408,,,,,,,,
2024-07-28,3,,2322.814779,,,8.326,,,,,,,,
2024-07-29,1,,0.0,,,0.0,,,,,,,,
2024-07-29,2,,2322.299893,,,8.4838,,,,,,,,
2024-07-29,3,,2321.690612,,,8.418,,,,,,,,
2024-07-30,1,,0.0,,,0.0,,,,,,,,
2024-07-30,2,,2318.007121,,,8.480624,,,,,,,,
2024-07-30,3,,2318.91454,,,8.442,,,,,,,,
2024-07-31,1,,0.0,,,0.0,,,,,,,,
2024-07-31,2,,2320.546445,,,8.47325,,,,,,,,
2024-07-31,3,,2320.832628,,,8.424,,,,,,,,
2024-08-01,1,,0.0,,,0.0,,,,,,,,
2024-08-01,2,,2325.124718,,,7.6807,,,,,,,,
2024-08-01,3,,2334.584446,,,7.132,,,,,,,,
2024-08-02,1,,0.0,,,0.0,,,,,,,,
2024-08-02,2,,2324.857147,,,7.8325,,,,,,,,
2024-08-02,3,,2328.721245,,,7.566,,,,,,,,
2024-08-03,1,,0.0,,,0.0,,,,,,,,
2024-08-03,2,,2324.748124,,,7.885813,,,,,,,,
2024-08-03,3,,2332.192773,,,7.254,,,,,,,,
2024-08-04,1,,0.0,,,0.0,,,,,,,,
2024-08-04,2,,2326.060996,,,7.8641,,,,,,,,
2024-08-04,3,,2333.145346,,,7.242,,,,,,,,
2024-08-05,1,,0.0,,,0.0,,,,,,,,
2024-08-05,2,,2318.081581,,,8.4628,,,,,,,,
2024-08-05,3,,2334.260536,,,7.458,,,,,,,,
2024-08-06,1,,0.0,,,0.0,,,,,,,,
2024-08-06,2,,2322.556739,,,8.2879,,,,,,,,
2024-08-06,3,,2327.762424,,,7.896,,,,,,,,
2024-08-07,1,,0.0,,,0.0,,,,,,,,
2024-08-07,2,,2322.927046,,,8.5321,,,,,,,,
2024-08-07,3,,2323.47552,,,8.124,,,,,,,,
2024-08-08,1,,0.0,,,0.0,,,,,,,,
2024-08-08,2,,2321.008439,,,8.457656,,,,,,,,
2024-08-08,3,,2321.84298,,,8.404,,,,,,,,
2024-08-09,1,,0.0,,,0.0,,,,,,,,
2024-08-09,2,,2322.047078,,,8.433875,,,,,,,,
2024-08-09,3,,2324.597367,,,8.226,,,,,,,,
2024-08-10,1,,0.0,,,0.0,,,,,,,,
2024-08-10,2,,2320.5079,,,8.5564,,,,,,,,
2024-08-10,3,,2327.138741,,,7.868,,,,,,,,
2024-08-11,1,,2358.8052,,,4.047,,,,,,,,
2024-08-11,2,,2333.216792,,,7.155,,,,,,,,
2024-08-11,3,,2336.989416,,,7.142,,,,,,,,
2024-08-12,1,,2340.910465,,,2.7758,,,,,,,,
2024-08-12,2,,2325.85321,,,7.8726,,,,,,,,
2024-08-12,3,,2335.936939,,,7.112,,,,,,,,
2024-08-13,1,,0.0,,,0.0,,,,,,,,
2024-08-13,2,,2317.200495,,,8.5145,,,,,,,,
2024-08-13,3,,2325.771519,,,7.996,,,,,,,,
2024-08-14,1,,0.0,,,0.0,,,,,,,,
2024-08-14,2,,2321.531338,,,8.4657,,,,,,,,
2024-08-14,3,,2322.564851,,,8.19,,,,,,,,
2024-08-15,1,,2330.343251,,,4.3262,,,,,,,,
2024-08-15,2,,2323.79833,,,7.9337,,,,,,,,
2024-08-15,3,,2328.279345,,,7.556,,,,,,,,
2024-08-16,1,,2316.844859,,,7.4956,,,,,,,,
2024-08-16,2,,2319.35274,,,8.5103,,,,,,,,
2024-08-16,3,,2322.744689,,,8.268,,,,,,,,
2024-08-17,1,,2336.589512,,,6.462084,,,,,,,,
2024-08-17,2,,2321.094528,,,8.477969,,,,,,,,
2024-08-17,3,,2321.465154,,,8.372,,,,,,,,
2024-08-18,1,,2315.571205,,,7.826098,,,,,,,,
2024-08-18,2,,2326.062457,,,7.652,,,,,,,,
2024-08-18,3,,2329.97865,,,7.396,,,,,,,,
2024-08-19,1,,2306.631226,,,8.23584,,,,,,,,
2024-08-19,2,,2326.075398,,,8.0805,,,,,,,,
2024-08-19,3,,2323.586474,,,8.048,,,,,,,,
2024-08-20,1,,2309.272561,,,7.821859,,,,,,,,
2024-08-20,2,,2329.618668,,,7.495376,,,,,,,,
2024-08-20,3,,2327.841363,,,7.692,,,,,,,,
2024-08-21,1,,2306.265716,,,8.442988,,,,,,,,
2024-08-21,2,,2318.146091,,,8.42375,,,,,,,,
2024-08-21,3,,2325.551389,,,7.806,,,,,,,,
2024-08-22,1,,2306.709601,,,8.4163,,,,,,,,
2024-08-22,2,,2317.370137,,,8.4541,,,,,,,,
2024-08-22,3,,2321.762606,,,8.046,,,,,,,,
2024-08-23,1,,2302.988036,,,8.3778,,,,,,,,
2024-08-23,2,,2320.78424,,,8.1783,,,,,,,,
2024-08-23,3,,2324.622253,,,7.93,,,,,,,,
2024-08-24,1,,2305.552148,,,8.2945,,,,,,,,
2024-08-24,2,,2326.960835,,,8.0338,,,,,,,,
2024-08-24,3,,2329.348198,,,7.768,,,,,,,,
2024-08-25,1,,2312.576231,,,7.5458,,,,,,,,
2024-08-25,2,,2334.446658,,,6.8365,,,,,,,,
2024-08-25,3,,2338.636014,,,6.746,,,,,,,,
2024-08-26,1,,2306.6243,,,8.0892,,,,,,,,
2024-08-26,2,,2327.659504,,,7.846,,,,,,,,
2024-08-26,3,,2337.279474,,,6.862,,,,,,,,
2024-08-27,1,,2320.432878,,,7.012219,,,,,,,,
2024-08-27,2,,2334.036914,,,7.091687,,,,,,,,
2024-08-27,3,,2345.505179,,,6.542,,,,,,,,
2024-08-28,1,,2308.454155,,,7.90532,,,,,,,,
2024-08-28,2,,2327.947289,,,7.7095,,,,,,,,
2024-08-28,3,,2339.335481,,,6.748,,,,,,,,
2024-08-29,1,,2312.571983,,,7.5028,,,,,,,,
2024-08-29,2,,2329.52065,,,7.2753,,,,,,,,
2024-08-29,3,,2331.483754,,,7.252,,,,,,,,
2024-08-30,1,,2305.300262,,,8.401,,,,,,,,
2024-08-30,2,,2319.0907,,,8.4136,,,,,,,,
2024-08-30,3,,2332.807083,,,7.292,,,,,,,,
2024-08-31,1,,2307.184966,,,8.1302,,,,,,,,
2024-08-31,2,,2326.164193,,,7.9293,,,,,,,,
2024-08-31,3,,2325.899439,,,7.878,,,,,,,,
2024-09-01,1,,2309.843005,,,7.7469,,,,,,,,
2024-09-01,2,,2358.973813,,,0.4676,,,,,,,,
2024-09-01,3,,2341.339227,,,6.98,,,,,,,,
2024-09-02,1,,2303.825227,,,8.4737,,,,,,,,
2024-09-02,2,,0.0,,,0.0,,,,,,,,
2024-09-02,3,,2332.752035,,,7.592,,,,,,,,
2024-09-03,1,,2306.219173,,,8.296156,,,,,,,,
2024-09-03,2,,0.0,,,0.0,,,,,,,,
2024-09-03,3,,2339.251634,,,7.284,,,,,,,,
2024-09-04,1,,2310.839209,,,7.600906,,,,,,,,
2024-09-04,2,,2340.533772,,,3.9095,,,,,,,,
2024-09-04,3,,2329.023219,,,7.422,,,,,,,,
2024-09-05,1,,2317.108391,,,6.933171,,,,,,,,
2024-09-05,2,,2336.516513,,,6.732062,,,,,,,,
2024-09-05,3,,2338.106666,,,6.924,,,,,,,,
2024-09-06,1,,2320.757019,,,6.815744,,,,,,,,
2024-09-06,2,,2329.506049,,,7.470592,,,,,,,,
2024-09-06,3,,2335.846445,,,6.815744,,,,,,,,
2024-09-07,1,,2320.867737,,,6.799,,,,,,,,
2024-09-07,2,,2331.425285,,,7.4431,,,,,,,,
2024-09-07,3,,2328.992398,,,7.48,,,,,,,,
2024-09-08,1,,2334.991344,,,5.8322,,,,,,,,
2024-09-08,2,,2333.599709,,,7.3693,,,,,,,,
2024-09-08,3,,2336.120333,,,6.918,,,,,,,,
2024-09-09,1,,2321.247113,,,6.9404,,,,,,,,
2024-09-09,2,,2339.765577,,,6.7718,,,,,,,,
2024-09-09,3,,2330.912207,,,7.85,,,,,,,,
2024-09-10,1,,2320.183157,,,6.9461,,,,,,,,
2024-09-10,2,,2337.704794,,,6.7416,,,,,,,,
2024-09-10,3,,2334.852306,,,7.37,,,,,,,,
2024-09-11,1,,2311.128032,,,6.9671,,,,,,,,
2024-09-11,2,,2319.193151,,,7.4658,,,,,,,,
2024-09-11,3,,2336.500353,,,7.124,,,,,,,,
2024-09-12,1,,2313.831052,,,7.4698,,,,,,,,
2024-09-12,2,,2349.252942,,,5.2196,,,,,,,,
2024-09-12,3,,2336.749038,,,6.952,,,,,,,,
2024-09-13,1,,2310.469351,,,7.507,,,,,,,,
2024-09-13,2,,2851.754964,,,1.0555,,,,,,,,
2024-09-13,3,,2336.065339,,,7.094,,,,,,,,
2024-09-14,1,,2329.097659,,,6.272344,,,,,,,,
2024-09-14,2,,2364.667361,,,3.94475,,,,,,,,
2024-09-14,3,,2342.195861,,,6.584,,,,,,,,
2024-09-15,1,,2315.582015,,,7.201235,,,,,,,,
2024-09-15,2,,2350.123511,,,5.59375,,,,,,,,
2024-09-15,3,,2346.566275,,,6.358,,,,,,,,
2024-09-16,1,,2312.290909,,,7.673109,,,,,,,,
2024-09-16,2,,2322.448605,,,8.103563,,,,,,,,
2024-09-16,3,,2334.410156,,,7.292,,,,,,,,
2024-09-17,1,,2307.755479,,,8.2525,,,,,,,,
2024-09-17,2,,2320.525262,,,8.3614,,,,,,,,
2024-09-17,3,,2332.313689,,,7.494,,,,,,,,
2024-09-18,1,,2303.81056,,,8.4479,,,,,,,,
2024-09-18,2,,2316.601926,,,8.463,,,,,,,,
2024-09-18,3,,2325.478678,,,7.704,,,,,,,,
2024-09-19,1,,2303.774575,,,8.4278,,,,,,,,
2024-09-19,2,,2331.898976,,,7.3577,,,,,,,,
2024-09-19,3,,2324.298893,,,7.868,,,,,,,,
2024-09-20,1,,2301.023594,,,8.4006,,,,,,,,
2024-09-20,2,,2315.535052,,,8.4276,,,,,,,,
2024-09-20,3,,2321.250354,,,7.936,,,,,,,,
2024-09-21,1,,2303.261785,,,8.4696,,,,,,,,
2024-09-21,2,,2316.513841,,,8.4113,,,,,,,,
2024-09-21,3,,2325.11144,,,7.822,,,,,,,,
2024-09-22,1,,2313.03333,,,4.6997,,,,,,,,
2024-09-22,2,,2319.335402,,,8.2843,,,,,,,,
2024-09-22,3,,2322.946735,,,7.83,,,,,,,,
2024-09-23,1,,2304.474984,,,8.4746,,,,,,,,
2024-09-23,2,,2317.580593,,,8.4674,,,,,,,,
2024-09-23,3,,2321.652622,,,8.264,,,,,,,,
2024-09-24,1,,2303.631742,,,8.45,,,,,,,,
2024-09-24,2,,2319.003688,,,8.407,,,,,,,,
2024-09-24,3,,2323.042606,,,7.986,,,,,,,,
2024-09-25,1,,2303.000761,,,8.461531,,,,,,,,
2024-09-25,2,,2316.399281,,,8.4365,,,,,,,,
2024-09-25,3,,2325.797606,,,7.9,,,,,,,,
2024-09-26,1,,2309.463833,,,8.1104,,,,,,,,
2024-09-26,2,,2320.294823,,,8.2022,,,,,,,,
2024-09-26,3,,2329.756559,,,7.594,,,,,,,,
2024-09-27,1,,2313.869083,,,7.8086,,,,,,,,
2024-09-27,2,,2324.549722,,,7.9349,,,,,,,,
2024-09-27,3,,2330.601,,,7.416,,,,,,,,
2024-09-28,1,,2307.483277,,,7.981593,,,,,,,,
2024-09-28,2,,2323.985149,,,7.996438,,,,,,,,
2024-09-28,3,,2332.475551,,,7.554,,,,,,,,
2024-09-29,1,,2310.246974,,,7.404,,,,,,,,
2024-09-29,2,,2326.872549,,,7.5158,,,,,,,,
2024-09-29,3,,2337.249542,,,7.27,,,,,,,,
2024-09-30,1,,2303.796571,,,8.4312,,,,,,,,
2024-09-30,2,,2319.371099,,,8.4508,,,,,,,,
2024-09-30,3,,2337.050488,,,3.968,,,,,,,,
2024-10-01,1,,2303.014636,,,8.481969,,,,,,,,
2024-10-01,2,,2304.253276,,,8.431188,,,,,,,,
2024-10-01,3,,0.0,,,0.0,,,,,,,,
2024-10-02,1,,2305.121989,,,8.2833,,,,,,,,
2024-10-02,2,,2316.34293,,,8.401,,,,,,,,
2024-10-02,3,,2334.942603,,,5.718,,,,,,,,
2024-10-03,1,,2304.026098,,,8.416062,,,,,,,,
2024-10-03,2,,2314.310139,,,8.43225,,,,,,,,
2024-10-03,3,,2332.449692,,,7.544,,,,,,,,
2024-10-04,1,,2302.14159,,,8.409,,,,,,,,
2024-10-04,2,,2314.98092,,,8.403,,,,,,,,
2024-10-04,3,,2334.651821,,,7.48,,,,,,,,
2024-10-05,1,,2303.328192,,,8.4309,,,,,,,,
2024-10-05,2,,2313.56151,,,8.4388,,,,,,,,
2024-10-05,3,,2329.86765,,,7.69,,,,,,,,
2024-10-06,1,,2310.05074,,,7.5093,,,,,,,,
2024-10-06,2,,2319.205942,,,7.9343,,,,,,,,
2024-10-06,3,,2328.220221,,,7.612,,,,,,,,
2024-10-07,1,,2303.745874,,,8.4443,,,,,,,,
2024-10-07,2,,2311.539811,,,8.4023,,,,,,,,
2024-10-07,3,,2329.297019,,,7.518,,,,,,,,
2024-10-08,1,,2302.94974,,,8.4358,,,,,,,,
2024-10-08,2,,2312.77441,,,8.4388,,,,,,,,
2024-10-08,3,,2321.71939,,,7.848,,,,,,,,
2024-10-09,1,,2306.913521,,,8.3698,,,,,,,,
2024-10-09,2,,2323.128924,,,4.5603,,,,,,,,
2024-10-09,3,,2327.591829,,,7.71,,,,,,,,
2024-10-10,1,,2302.853701,,,8.435281,,,,,,,,
2024-10-10,2,,0.0,,,0.0,,,,,,,,
2024-10-10,3,,2327.506337,,,7.604,,,,,,,,
2024-10-11,1,,2302.67663,,,8.413344,,,,,,,,
2024-10-11,2,,0.0,,,0.0,,,,,,,,
2024-10-11,3,,2334.626485,,,7.358,,,,,,,,
2024-10-12,1,,2303.829287,,,8.401,,,,,,,,
2024-10-12,2,,0.0,,,0.0,,,,,,,,
2024-10-12,3,,2337.407952,,,6.582,,,,,,,,
2024-10-13,1,,2303.807892,,,8.3714,,,,,,,,
2024-10-13,2,,0.0,,,0.0,,,,,,,,
2024-10-13,3,,2346.755765,,,4.05,,,,,,,,
2024-10-14,1,,2305.411439,,,8.3251,,,,,,,,
2024-10-14,2,,2335.072852,,,3.4504,,,,,,,,
2024-10-14,3,,0.0,,,0.0,,,,,,,,
2024-10-15,1,,2304.476517,,,8.475156,,,,,,,,
2024-10-15,2,,2313.816577,,,8.4465,,,,,,,,
2024-10-15,3,,0.0,,,0.0,,,,,,,,
2024-10-16,1,,2301.237696,,,8.445125,,,,,,,,
2024-10-16,2,,2312.082544,,,8.427687,,,,,,,,
2024-10-16,3,,0.0,,,0.0,,,,,,,,
2024-10-17,1,,2300.432407,,,8.4394,,,,,,,,
2024-10-17,2,,2309.105218,,,8.4504,,,,,,,,
2024-10-17,3,,0.0,,,0.0,,,,,,,,
2024-10-18,1,,2301.810805,,,8.4232,,,,,,,,
2024-10-18,2,,2308.641958,,,8.4276,,,,,,,,
2024-10-18,3,,0.0,,,0.0,,,,,,,,
2024-10-19,1,,2299.584988,,,8.4351,,,,,,,,
2024-10-19,2,,2308.463002,,,8.4481,,,,,,,,
2024-10-19,3,,0.0,,,0.0,,,,,,,,
2024-10-20,1,,2303.99417,,,8.2229,,,,,,,,
2024-10-20,2,,2311.375268,,,8.2173,,,,,,,,
2024-10-20,3,,0.0,,,0.0,,,,,,,,
2024-10-21,1,,2300.158037,,,8.471,,,,,,,,
2024-10-21,2,,2312.237307,,,8.401,,,,,,,,
2024-10-21,3,,0.0,,,0.0,,,,,,,,
2024-10-22,1,,2303.838162,,,8.334188,,,,,,,,
2024-10-22,2,,2311.710379,,,8.321437,,,,,,,,
2024-10-22,3,,0.0,,,0.0,,,,,,,,
2024-10-23,1,,2304.857374,,,8.139687,,,,,,,,
2024-10-23,2,,2311.519987,,,8.185,,,,,,,,
2024-10-23,3,,0.0,,,0.0,,,,,,,,
2024-10-24,1,,2303.234648,,,8.3188,,,,,,,,
2024-10-24,2,,2311.385878,,,8.1043,,,,,,,,
2024-10-24,3,,0.0,,,0.0,,,,,,,,
2024-10-25,1,,2304.71372,,,8.0016,,,,,,,,
2024-10-25,2,,2310.072227,,,8.2509,,,,,,,,
2024-10-25,3,,0.0,,,0.0,,,,,,,,
2024-10-26,1,,2303.324399,,,8.1403,,,,,,,,
2024-10-26,2,,2313.52978,,,8.0984,,,,,,,,
2024-10-26,3,,0.0,,,0.0,,,,,,,,
2024-10-27,1,,2302.797074,,,8.1117,,,,,,,,
2024-10-27,2,,2313.487502,,,8.0314,,,,,,,,
2024-10-27,3,,0.0,,,0.0,,,,,,,,
2024-10-28,1,,2301.078844,,,8.4648,,,,,,,,
2024-10-28,2,,2310.869617,,,8.4035,,,,,,,,
2024-10-28,3,,0.0,,,0.0,,,,,,,,
2024-10-29,1,,2300.581103,,,8.4485,,,,,,,,
2024-10-29,2,,2311.416167,,,8.4545,,,,,,,,
2024-10-29,3,,0.0,,,0.0,,,,,,,,
2024-10-30,1,,2301.869546,,,8.4571,,,,,,,,
2024-10-30,2,,2320.53916,,,3.0511,,,,,,,,
2024-10-30,3,,0.0,,,0.0,,,,,,,,
2024-10-31,1,,2308.471493,,,7.658312,,,,,,,,
2024-10-31,2,,0.0,,,0.0,,,,,,,,
2024-10-31,3,,0.0,,,0.0,,,,,,,,
2024-11-01,1,,2318.358717,,,6.968562,,,,,,,,
2024-11-01,2,,0.0,,,0.0,,,,,,,,
2024-11-01,3,,0.0,,,0.0,,,,,,,,
2024-11-02,1,,2314.323753,,,7.2079,,,,,,,,
2024-11-02,2,,0.0,,,0.0,,,,,,,,
2024-11-02,3,,0.0,,,0.0,,,,,,,,
2024-11-03,1,,2314.457129,,,7.3492,,,,,,,,
2024-11-03,2,,0.0,,,0.0,,,,,,,,
2024-11-03,3,,0.0,,,0.0,,,,,,,,
2024-11-04,1,,2300.823083,,,8.4917,,,,,,,,
2024-11-04,2,,0.0,,,0.0,,,,,,,,
2024-11-04,3,,0.0,,,0.0,,,,,,,,
2024-11-05,1,,2311.003624,,,7.4338,,,,,,,,
2024-11-05,2,,2329.172552,,,6.3648,,,,,,,,
2024-11-05,3,,0.0,,,0.0,,,,,,,,
2024-11-06,1,,2303.928851,,,8.253,,,,,,,,
2024-11-06,2,,2316.981136,,,8.2264,,,,,,,,
2024-11-06,3,,0.0,,,0.0,,,,,,,,
2024-11-07,1,,2304.132198,,,8.0388,,,,,,,,
2024-11-07,2,,2313.947259,,,8.2506,,,,,,,,
2024-11-07,3,,0.0,,,0.0,,,,,,,,
2024-11-08,1,,2302.629554,,,8.132624,,,,,,,,
2024-11-08,2,,2317.996185,,,8.145812,,,,,,,,
2024-11-08,3,,2351.046004,,,5.362,,,,,,,,
2024-11-09,1,,2307.121746,,,7.972,,,,,,,,
2024-11-09,2,,2315.158698,,,8.409,,,,,,,,
2024-11-09,3,,2337.162428,,,7.068,,,,,,,,
2024-11-10,1,,2305.062323,,,7.974063,,,,,,,,
2024-11-10,2,,2316.866085,,,8.2165,,,,,,,,
2024-11-10,3,,2332.054957,,,7.04,,,,,,,,
2024-11-11,1,,2304.802166,,,8.201438,,,,,,,,
2024-11-11,2,,2306.452362,,,8.337562,,,,,,,,
2024-11-11,3,,2327.440881,,,7.314,,,,,,,,
2024-11-12,1,,2300.61973,,,8.4104,,,,,,,,
2024-11-12,2,,2304.415819,,,8.436,,,,,,,,
2024-11-12,3,,2324.863531,,,7.42,,,,,,,,
2024-11-13,1,,2301.704458,,,8.0458,,,,,,,,
2024-11-13,2,,2302.095797,,,8.2993,,,,,,,,
2024-11-13,3,,2321.701096,,,7.44,,,,,,,,
2024-11-14,1,,2306.56413,,,7.709,,,,,,,,
2024-11-14,2,,2303.943119,,,8.1398,,,,,,,,
2024-11-14,3,,2321.546245,,,7.334,,,,,,,,
2024-11-15,1,,2298.49266,,,8.2442,,,,,,,,
2024-11-15,2,,2299.659959,,,8.3843,,,,,,,,
2024-11-15,3,,2329.481113,,,6.876,,,,,,,,
2024-11-16,1,,2301.751708,,,8.1834,,,,,,,,
2024-11-16,2,,2302.971732,,,8.2054,,,,,,,,
2024-11-16,3,,2326.076965,,,7.02,,,,,,,,
2024-11-17,1,,2304.20144,,,7.6453,,,,,,,,
2024-11-17,2,,2305.376017,,,7.8343,,,,,,,,
2024-11-17,3,,2332.697229,,,6.494,,,,,,,,
2024-11-18,1,,2305.504746,,,7.4986,,,,,,,,
2024-11-18,2,,2306.485704,,,7.9666,,,,,,,,
2024-11-18,3,,2333.723626,,,7.03,,,,,,,,
2024-11-19,1,,2308.897437,,,7.506376,,,,,,,,
2024-11-19,2,,2306.397561,,,7.955125,,,,,,,,
2024-11-19,3,,2331.609906,,,7.292,,,,,,,,
2024-11-20,1,,2304.928487,,,7.910374,,,,,,,,
2024-11-20,2,,2306.944034,,,8.247625,,,,,,,,
2024-11-20,3,,2332.31764,,,7.032,,,,,,,,
2024-11-21,1,,2308.624336,,,7.7195,,,,,,,,
2024-11-21,2,,2306.713553,,,7.9544,,,,,,,,
2024-11-21,3,,2326.48866,,,7.246,,,,,,,,
2024-11-22,1,,2302.387362,,,8.1319,,,,,,,,
2024-11-22,2,,2301.617966,,,8.3318,,,,,,,,
2024-11-22,3,,2323.898248,,,7.346,,,,,,,,
2024-11-23,1,,2305.549579,,,7.7366,,,,,,,,
2024-11-23,2,,2303.059786,,,8.2283,,,,,,,,
2024-11-23,3,,2325.675871,,,7.218,,,,,,,,
2024-11-24,1,,2308.868902,,,7.445,,,,,,,,
2024-11-24,2,,2310.527144,,,7.676,,,,,,,,
2024-11-24,3,,2326.996962,,,7.15,,,,,,,,
2024-11-25,1,,2307.125905,,,7.8071,,,,,,,,
2024-11-25,2,,2307.322106,,,7.8243,,,,,,,,
2024-11-25,3,,2327.821958,,,7.298,,,,,,,,
2024-11-26,1,,2300.171618,,,8.401,,,,,,,,
2024-11-26,2,,2303.077831,,,8.101,,,,,,,,
2024-11-26,3,,2323.518897,,,7.618,,,,,,,,
2024-11-27,1,,2302.293368,,,8.2786,,,,,,,,
2024-11-27,2,,2306.402489,,,8.0461,,,,,,,,
2024-11-27,3,,2321.693333,,,7.544,,,,,,,,
2024-11-28,1,,2306.512957,,,7.966625,,,,,,,,
2024-11-28,2,,2302.093613,,,8.20325,,,,,,,,
2024-11-28,3,,2319.48251,,,7.512,,,,,,,,
2024-11-29,1,,2300.468537,,,8.153374,,,,,,,,
2024-11-29,2,,2306.037749,,,7.95575,,,,,,,,
2024-11-29,3,,2318.876823,,,7.574,,,,,,,,
2024-11-30,1,,2306.558625,,,7.7685,,,,,,,,
2024-11-30,2,,2307.265413,,,7.962,,,,,,,,
2024-11-30,3,,2310.265438,,,7.628,,,,,,,,
2024-12-01,1,,2305.537621,,,7.6378,,,,,,,,
2024-12-01,2,,2308.411613,,,7.696,,,,,,,,
2024-12-01,3,,2305.662413,,,7.59,,,,,,,,
2024-12-02,1,,2305.201708,,,7.7618,,,,,,,,
2024-12-02,2,,2311.657767,,,7.5003,,,,,,,,
2024-12-02,3,,2305.105945,,,7.494,,,,,,,,
2024-12-03,1,,2305.670567,,,7.8575,,,,,,,,
2024-12-03,2,,2311.51728,,,7.5838,,,,,,,,
2024-12-03,3,,2300.692403,,,7.914,,,,,,,,
2024-12-04,1,,2303.959411,,,7.8409,,,,,,,,
2024-12-04,2,,2307.988072,,,7.7161,,,,,,,,
2024-12-04,3,,2300.663804,,,7.922,,,,,,,,
2024-12-05,1,,2307.700694,,,7.699,,,,,,,,
2024-12-05,2,,2301.900313,,,8.1314,,,,,,,,
2024-12-05,3,,2298.670809,,,8.1,,,,,,,,
2024-12-06,1,,2299.956678,,,8.272,,,,,,,,
2024-12-06,2,,2299.380842,,,8.41,,,,,,,,
2024-12-06,3,,2299.018409,,,8.092,,,,,,,,
2024-12-07,1,,2295.401356,,,8.4,,,,,,,,
2024-12-07,2,,2302.383213,,,8.27475,,,,,,,,
2024-12-07,3,,2304.506777,,,7.898,,,,,,,,
2024-12-08,1,,2299.388012,,,8.244562,,,,,,,,
2024-12-08,2,,2304.506573,,,8.208375,,,,,,,,
2024-12-08,3,,2306.385165,,,7.676,,,,,,,,
2024-12-09,1,,2307.772216,,,7.661376,,,,,,,,
2024-12-09,2,,2306.31014,,,7.951375,,,,,,,,
2024-12-09,3,,2306.957643,,,7.79,,,,,,,,
2024-12-10,1,,2307.600866,,,7.7544,,,,,,,,
2024-12-10,2,,2305.129974,,,7.9895,,,,,,,,
2024-12-10,3,,2307.914803,,,7.604,,,,,,,,
2024-12-11,1,,2308.058551,,,7.5801,,,,,,,,
2024-12-11,2,,2307.975342,,,7.8813,,,,,,,,
2024-12-11,3,,2302.591613,,,7.912,,,,,,,,
2024-12-12,1,,2308.06908,,,7.5765,,,,,,,,
2024-12-12,2,,2305.982783,,,7.9253,,,,,,,,
2024-12-12,3,,2306.386575,,,7.79,,,,,,,,
2024-12-13,1,,2305.354181,,,7.7322,,,,,,,,
2024-12-13,2,,2307.576079,,,7.9053,,,,,,,,
2024-12-13,3,,2303.632368,,,7.93,,,,,,,,
2024-12-14,1,,2306.209036,,,7.7866,,,,,,,,
2024-12-14,2,,2309.560247,,,7.7748,,,,,,,,
2024-12-14,3,,2303.649465,,,7.924,,,,,,,,
2024-12-15,1,,2310.133006,,,7.4336,,,,,,,,
2024-12-15,2,,2314.394092,,,7.4326,,,,,,,,
2024-12-15,3,,2308.593335,,,7.714,,,,,,,,
2024-12-16,1,,2306.79935,,,7.9561,,,,,,,,
2024-12-16,2,,2309.68477,,,7.7284,,,,,,,,
2024-12-16,3,,2305.650308,,,7.706,,,,,,,,
2024-12-17,1,,2303.797999,,,8.152063,,,,,,,,
2024-12-17,2,,2301.22585,,,8.259,,,,,,,,
2024-12-17,3,,2303.886996,,,7.9,,,,,,,,
2024-12-18,1,,2306.752683,,,7.803438,,,,,,,,
2024-12-18,2,,2304.342765,,,8.20225,,,,,,,,
2024-12-18,3,,2305.274408,,,8.032,,,,,,,,
2024-12-19,1,,2307.851692,,,7.872063,,,,,,,,
2024-12-19,2,,2304.837983,,,8.11075,,,,,,,,
2024-12-19,3,,2305.660073,,,8.022,,,,,,,,
2024-12-20,1,,2305.107971,,,7.923937,,,,,,,,
2024-12-20,2,,2304.281463,,,8.163625,,,,,,,,
2024-12-20,3,,2304.487855,,,7.958,,,,,,,,
2024-12-21,1,,2297.492012,,,8.3723,,,,,,,,
2024-12-21,2,,2299.74563,,,8.4263,,,,,,,,
2024-12-21,3,,2310.130084,,,7.382,,,,,,,,
2024-12-22,1,,2295.669402,,,8.4766,,,,,,,,
2024-12-22,2,,2300.444724,,,8.355,,,,,,,,
2024-12-22,3,,2307.12214,,,8.036,,,,,,,,
2024-12-23,1,,2303.895141,,,7.8461,,,,,,,,
2024-12-23,2,,2305.76825,,,7.833,,,,,,,,
2024-12-23,3,,2306.891039,,,7.986,,,,,,,,
2024-12-24,1,,2302.177606,,,7.916688,,,,,,,,
2024-12-24,2,,2305.318099,,,8.145125,,,,,,,,
2024-12-24,3,,2307.185673,,,8.022,,,,,,,,
2024-12-25,1,,2300.627889,,,8.058875,,,,,,,,
2024-12-25,2,,2306.240687,,,8.188125,,,,,,,,
2024-12-25,3,,2306.064473,,,7.756,,,,,,,,
2024-12-26,1,,2308.683691,,,7.80425,,,,,,,,
2024-12-26,2,,2308.171646,,,8.19675,,,,,,,,
2024-12-26,3,,2304.174441,,,7.942,,,,,,,,
2024-12-27,1,,2313.383023,,,7.436375,,,,,,,,
2024-12-27,2,,2309.622832,,,7.904625,,,,,,,,
2024-12-27,3,,2305.809264,,,7.896,,,,,,,,
2024-12-28,1,,2309.20479,,,7.756875,,,,,,,,
2024-12-28,2,,2309.382771,,,7.8265,,,,,,,,
2024-12-28,3,,2309.503419,,,7.478,,,,,,,,
2024-12-29,1,,2309.219487,,,7.506125,,,,,,,,
2024-12-29,2,,2308.120504,,,7.953,,,,,,,,
2024-12-29,3,,2307.400009,,,7.686,,,,,,,,
2024-12-30,1,,2298.938747,,,8.393,,,,,,,,
2024-12-30,2,,2302.063429,,,8.388,,,,,,,,
2024-12-30,3,,2305.48353,,,7.972,,,,,,,,
2024-12-31,1,,2298.389656,,,8.404,,,,,,,,
2024-12-31,2,,2300.579831,,,8.409,,,,,,,,
2024-12-31,3,,2307.915579,,,7.646,,,,,,,,
2025-01-01,1,,2303.039573,,,8.1716,,,,,,,,
2025-01-01,2,,2301.658847,,,8.2756,,,,,,,,
2025-01-01,3,,2318.577887,,,7.12,,,,,,,,
2025-01-02,1,,2302.795537,,,8.0739,,,,,,,,
2025-01-02,2,,2306.620498,,,7.9701,,,,,,,,
2025-01-02,3,,2315.133902,,,7.644,,,,,,,,
2025-01-03,1,,2298.634701,,,8.423,,,,,,,,
2025-01-03,2,,2302.267401,,,8.401,,,,,,,,
2025-01-03,3,,2312.072525,,,7.752,,,,,,,,
2025-01-04,1,,2299.203486,,,8.410625,,,,,,,,
2025-01-04,2,,2300.734051,,,8.403375,,,,,,,,
2025-01-04,3,,2305.777476,,,8.084,,,,,,,,
2025-01-05,1,,2305.736145,,,7.962875,,,,,,,,
2025-01-05,2,,2302.721098,,,8.293625,,,,,,,,
2025-01-05,3,,2312.146549,,,7.688,,,,,,,,
2025-01-06,1,,2306.663976,,,7.877125,,,,,,,,
2025-01-06,2,,2304.276717,,,8.189375,,,,,,,,
2025-01-06,3,,2306.227172,,,7.944,,,,,,,,
2025-01-07,1,,2298.9924,,,8.401,,,,,,,,
2025-01-07,2,,2299.786428,,,8.4079,,,,,,,,
2025-01-07,3,,2302.902982,,,8.072,,,,,,,,
2025-01-08,1,,2300.094606,,,8.2846,,,,,,,,
2025-01-08,2,,2302.170856,,,8.2725,,,,,,,,
2025-01-08,3,,2304.595709,,,8.184,,,,,,,,
2025-01-09,1,,2299.414676,,,8.4014,,,,,,,,
2025-01-09,2,,2300.143246,,,8.4041,,,,,,,,
2025-01-09,3,,2302.632914,,,8.172,,,,,,,,
2025-01-10,1,,2299.327776,,,8.412,,,,,,,,
2025-01-10,2,,2301.422335,,,8.4198,,,,,,,,
2025-01-10,3,,2302.61337,,,8.198,,,,,,,,
2025-01-11,1,,2300.864773,,,8.2358,,,,,,,,
2025-01-11,2,,2301.577465,,,8.3349,,,,,,,,
2025-01-11,3,,2303.88028,,,8.196,,,,,,,,
2025-01-12,1,,2312.60273,,,7.2274,,,,,,,,
2025-01-12,2,,2303.772761,,,8.1264,,,,,,,,
2025-01-12,3,,2305.379682,,,8.18,,,,,,,,
2025-01-13,1,,2304.755415,,,8.1376,,,,,,,,
2025-01-13,2,,2308.418787,,,7.8156,,,,,,,,
2025-01-13,3,,2310.228718,,,7.592,,,,,,,,
2025-01-14,1,,2305.011025,,,7.774125,,,,,,,,
2025-01-14,2,,2303.035403,,,8.111,,,,,,,,
2025-01-14,3,,2308.898957,,,7.742,,,,,,,,
2025-01-15,1,,2305.863746,,,7.841375,,,,,,,,
2025-01-15,2,,2307.190052,,,7.761375,,,,,,,,
2025-01-15,3,,2306.339514,,,7.952,,,,,,,,
2025-01-16,1,,2304.255846,,,7.8095,,,,,,,,
2025-01-16,2,,2306.152621,,,7.8715,,,,,,,,
2025-01-16,3,,2306.499662,,,7.912,,,,,,,,
2025-01-17,1,,2303.929071,,,8.0259,,,,,,,,
2025-01-17,2,,2305.099337,,,8.0696,,,,,,,,
2025-01-17,3,,2304.329243,,,8.094,,,,,,,,
2025-01-18,1,,2305.529071,,,8.0339,,,,,,,,
2025-01-18,2,,2305.575572,,,8.0378,,,,,,,,
2025-01-18,3,,2305.242895,,,8.204,,,,,,,,
2025-01-19,1,,2309.357047,,,7.6035,,,,,,,,
2025-01-19,2,,2307.937971,,,7.7535,,,,,,,,
2025-01-19,3,,2299.6642,,,8.402,,,,,,,,
2025-01-20,1,,2307.910299,,,7.7015,,,,,,,,
2025-01-20,2,,2307.963515,,,7.7644,,,,,,,,
2025-01-20,3,,2299.337648,,,8.368,,,,,,,,
2025-01-21,1,,2305.261216,,,7.8918,,,,,,,,
2025-01-21,2,,2304.989759,,,7.9986,,,,,,,,
2025-01-21,3,,2305.493429,,,8.184,,,,,,,,
2025-01-22,1,,2304.514285,,,8.0434,,,,,,,,
2025-01-22,2,,2304.677489,,,7.981,,,,,,,,
2025-01-22,3,,2304.184662,,,8.086,,,,,,,,
2025-01-23,1,,2298.539793,,,8.403,,,,,,,,
2025-01-23,2,,2299.874172,,,8.401,,,,,,,,
2025-01-23,3,,2306.061625,,,7.894,,,,,,,,
2025-01-24,1,,2308.235741,,,7.793,,,,,,,,
2025-01-24,2,,2307.295215,,,7.843,,,,,,,,
2025-01-24,3,,2304.519065,,,7.884,,,,,,,,
2025-01-25,1,,2307.848143,,,7.7121,,,,,,,,
2025-01-25,2,,2305.792476,,,8.1101,,,,,,,,
2025-01-25,3,,2316.942061,,,8.086,,,,,,,,
2025-01-26,1,,2303.817074,,,8.0218,,,,,,,,
2025-01-26,2,,2307.632959,,,8.001,,,,,,,,
2025-01-26,3,,2321.411704,,,7.846,,,,,,,,
2025-01-27,1,,2301.118997,,,8.2991,,,,,,,,
2025-01-27,2,,2307.188984,,,7.9495,,,,,,,,
2025-01-27,3,,2317.788487,,,8.14,,,,,,,,
2025-01-28,1,,2300.679826,,,8.2293,,,,,,,,
2025-01-28,2,,2302.074489,,,8.2619,,,,,,,,
2025-01-28,3,,2317.480558,,,8.16,,,,,,,,
2025-01-29,1,,2305.193215,,,7.8216,,,,,,,,
2025-01-29,2,,2307.384265,,,7.83,,,,,,,,
2025-01-29,3,,2316.701757,,,8.18,,,,,,,,
2025-01-30,1,,2301.42976,,,8.171,,,,,,,,
2025-01-30,2,,2298.596148,,,8.425375,,,,,,,,
2025-01-30,3,,2318.425846,,,8.23,,,,,,,,
2025-01-31,1,,2298.619754,,,8.401,,,,,,,,
2025-01-31,2,,2300.042639,,,8.444,,,,,,,,
2025-01-31,3,,2319.288643,,,8.274,,,,,,,,
2025-02-01,1,,2299.063803,,,8.407,,,,,,,,
2025-02-01,2,,2300.396042,,,8.415,,,,,,,,
2025-02-01,3,,2319.554465,,,8.116,,,,,,,,
2025-02-02,1,,2310.950055,,,7.327,,,,,,,,
2025-02-02,2,,2300.112541,,,8.405,,,,,,,,
2025-02-02,3,,2321.57731,,,8.11,,,,,,,,
2025-02-03,1,,2297.934006,,,8.4084,,,,,,,,
2025-02-03,2,,2300.065158,,,8.4033,,,,,,,,
2025-02-03,3,,2321.421084,,,8.118,,,,,,,,
2025-02-04,1,,2302.266654,,,5.8446,,,,,,,,
2025-02-04,2,,2303.264953,,,5.8571,,,,,,,,
2025-02-04,3,,2320.451171,,,8.068,,,,,,,,
2025-02-05,1,,2308.269024,,,7.0689,,,,,,,,
2025-02-05,2,,2322.86184,,,1.6773,,,,,,,,
2025-02-05,3,,2315.770022,,,8.416,,,,,,,,
2025-02-06,1,,2300.005516,,,8.4015,,,,,,,,
2025-02-06,2,,2301.402794,,,8.412,,,,,,,,
2025-02-06,3,,2315.465163,,,8.405,,,,,,,,
2025-02-07,1,,2302.717833,,,8.1196,,,,,,,,
2025-02-07,2,,2303.981208,,,8.2579,,,,,,,,
2025-02-07,3,,2319.131541,,,8.12,,,,,,,,
2025-02-08,1,,2301.085427,,,8.321,,,,,,,,
2025-02-08,2,,2303.304181,,,8.3278,,,,,,,,
2025-02-08,3,,2318.393281,,,8.204,,,,,,,,
2025-02-09,1,,2300.804372,,,8.2553,,,,,,,,
2025-02-09,2,,2303.054504,,,8.2589,,,,,,,,
2025-02-09,3,,2319.316682,,,8.156,,,,,,,,
2025-02-10,1,,2298.797375,,,8.415,,,,,,,,
2025-02-10,2,,2299.858379,,,8.404,,,,,,,,
2025-02-10,3,,2314.333559,,,8.401,,,,,,,,
2025-02-11,1,,2299.951521,,,8.4185,,,,,,,,
2025-02-11,2,,2301.344721,,,8.414625,,,,,,,,
2025-02-11,3,,2316.541345,,,8.402,,,,,,,,
2025-02-12,1,,2297.336583,,,8.401625,,,,,,,,
2025-02-12,2,,2301.465678,,,8.428125,,,,,,,,
2025-02-12,3,,2317.701861,,,8.076,,,,,,,,
2025-02-13,1,,2301.014597,,,8.2494,,,,,,,,
2025-02-13,2,,2309.64589,,,7.7248,,,,,,,,
2025-02-13,3,,2321.528194,,,8.102,,,,,,,,
2025-02-14,1,,2299.137869,,,8.3506,,,,,,,,
2025-02-14,2,,2303.740536,,,8.3138,,,,,,,,
2025-02-14,3,,2319.812846,,,8.132,,,,,,,,
2025-02-15,1,,2303.994799,,,8.0608,,,,,,,,
2025-02-15,2,,2301.916866,,,8.38,,,,,,,,
2025-02-15,3,,2319.808622,,,7.992,,,,,,,,
2025-02-16,1,,2301.17458,,,8.3803,,,,,,,,
2025-02-16,2,,2308.231159,,,7.9865,,,,,,,,
2025-02-16,3,,2328.758596,,,7.77,,,,,,,,
2025-02-17,1,,2302.512496,,,8.2336,,,,,,,,
2025-02-17,2,,2309.855878,,,8.1748,,,,,,,,
2025-02-17,3,,2325.458339,,,8.01,,,,,,,,
2025-02-18,1,,2302.067657,,,8.401,,,,,,,,
2025-02-18,2,,2307.134243,,,8.234,,,,,,,,
2025-02-18,3,,2325.738935,,,8.142,,,,,,,,
2025-02-19,1,,2303.840298,,,8.451,,,,,,,,
2025-02-19,2,,2307.005422,,,8.402,,,,,,,,
2025-02-19,3,,2325.455154,,,8.118,,,,,,,,
2025-02-20,1,,2324.036373,,,5.562972,,,,,,,,
2025-02-20,2,,2314.065007,,,5.142484,,,,,,,,
2025-02-20,3,,2330.065393,,,7.668,,,,,,,,
2025-02-21,1,,2312.371887,,,7.92775,,,,,,,,
2025-02-21,2,,2314.998746,,,7.728624,,,,,,,,
2025-02-21,3,,2324.558387,,,8.168,,,,,,,,
2025-02-22,1,,2308.9532,,,8.2739,,,,,,,,
2025-02-22,2,,2308.823421,,,8.2735,,,,,,,,
2025-02-22,3,,2321.309253,,,8.35,,,,,,,,
2025-02-23,1,,2311.66361,,,8.2691,,,,,,,,
2025-02-23,2,,2321.48072,,,7.7101,,,,,,,,
2025-02-23,3,,2332.989624,,,8.082,,,,,,,,
2025-02-24,1,,2311.553443,,,8.223,,,,,,,,
2025-02-24,2,,2317.612763,,,8.228,,,,,,,,
2025-02-24,3,,2337.140759,,,7.704,,,,,,,,
2025-02-25,1,,2312.949799,,,8.4271,,,,,,,,
2025-02-25,2,,2320.689477,,,8.4195,,,,,,,,
2025-02-25,3,,2328.143135,,,8.234,,,,,,,,
2025-02-26,1,,2311.758649,,,7.9544,,,,,,,,
2025-02-26,2,,2318.87376,,,8.3851,,,,,,,,
2025-02-26,3,,2331.99424,,,8.108,,,,,,,,
2025-02-27,1,,2314.279802,,,8.403,,,,,,,,
2025-02-27,2,,2318.225412,,,8.4001,,,,,,,,
2025-02-27,3,,2334.007432,,,7.996,,,,,,,,
2025-02-28,1,,2319.741173,,,8.4354,,,,,,,,
2025-02-28,2,,2324.370801,,,8.4094,,,,,,,,
2025-02-28,3,,2339.849229,,,8.016,,,,,,,,
2025-03-01,1,,2321.643288,,,8.099,,,,,,,,
2025-03-01,2,,2326.570462,,,8.143,,,,,,,,
2025-03-01,3,,2337.044332,,,7.958,,,,,,,,
2025-03-02,1,,2318.352443,,,8.121625,,,,,,,,
2025-03-02,2,,2333.50132,,,7.639,,,,,,,,
2025-03-02,3,,2335.741555,,,7.946,,,,,,,,
2025-03-03,1,,2317.871263,,,8.2795,,,,,,,,
2025-03-03,2,,2325.770338,,,8.2845,,,,,,,,
2025-03-03,3,,2332.743152,,,8.328,,,,,,,,
2025-03-04,1,,2319.124846,,,8.0863,,,,,,,,
2025-03-04,2,,2324.559445,,,8.3134,,,,,,,,
2025-03-04,3,,2330.973218,,,8.42,,,,,,,,
2025-03-05,1,,2320.644343,,,8.0189,,,,,,,,
2025-03-05,2,,2327.603802,,,8.0926,,,,,,,,
2025-03-05,3,,2333.219453,,,8.244,,,,,,,,
2025-03-06,1,,2317.042816,,,8.1996,,,,,,,,
2025-03-06,2,,2325.313168,,,8.1753,,,,,,,,
2025-03-06,3,,2330.317127,,,8.03,,,,,,,,
2025-03-07,1,,2320.800014,,,7.9473,,,,,,,,
2025-03-07,2,,2322.379227,,,8.4135,,,,,,,,
2025-03-07,3,,2327.181743,,,2.78,,,,,,,,
2025-03-08,1,,2316.129908,,,8.263,,,,,,,,
2025-03-08,2,,2324.24574,,,8.2903,,,,,,,,
2025-03-08,3,,0.0,,,0.0,,,,,,,,
2025-03-09,1,,2319.124827,,,8.1421,,,,,,,,
2025-03-09,2,,2322.893327,,,8.3561,,,,,,,,
2025-03-09,3,,0.0,,,0.0,,,,,,,,
2025-03-10,1,,2317.009269,,,8.324,,,,,,,,
2025-03-10,2,,2326.152477,,,4.8131,,,,,,,,
2025-03-10,3,,2339.635339,,,6.364,,,,,,,,
2025-03-11,1,,2315.280287,,,8.4315,,,,,,,,
2025-03-11,2,,0.0,,,0.0,,,,,,,,
2025-03-11,3,,2337.866685,,,8.146,,,,,,,,
2025-03-12,1,,2316.092072,,,8.4608,,,,,,,,
2025-03-12,2,,14749.21275,,,0.0091,,,,,,,,
2025-03-12,3,,2336.31183,,,8.282,,,,,,,,
2025-03-13,1,,2320.963155,,,8.14275,,,,,,,,
2025-03-13,2,,2336.383548,,,7.923625,,,,,,,,
2025-03-13,3,,2335.512543,,,8.344,,,,,,,,
2025-03-14,1,,2330.936228,,,7.1786,,,,,,,,
2025-03-14,2,,2334.32477,,,7.5558,,,,,,,,
2025-03-14,3,,2339.472732,,,7.916,,,,,,,,
2025-03-15,1,,2324.873182,,,7.828,,,,,,,,
2025-03-15,2,,2334.569824,,,7.5986,,,,,,,,
2025-03-15,3,,2339.442605,,,7.87,,,,,,,,
2025-03-16,1,,2317.944508,,,8.2578,,,,,,,,
2025-03-16,2,,2338.150989,,,2.5121,,,,,,,,
2025-03-16,3,,2341.200422,,,7.58,,,,,,,,
2025-03-17,1,,2319.703963,,,8.2359,,,,,,,,
2025-03-17,2,,0.0,,,0.0,,,,,,,,
2025-03-17,3,,2333.056648,,,8.334,,,,,,,,
2025-03-18,1,,2325.360936,,,8.16025,,,,,,,,
2025-03-18,2,,3216.277362,,,0.412375,,,,,,,,
2025-03-18,3,,2347.052089,,,8.386,,,,,,,,
2025-03-19,1,,2316.824099,,,8.3359,,,,,,,,
2025-03-19,2,,2327.597303,,,8.2855,,,,,,,,
2025-03-19,3,,2332.910675,,,8.376,,,,,,,,
2025-03-20,1,,2315.879072,,,8.534375,,,,,,,,
2025-03-20,2,,2325.421256,,,8.44475,,,,,,,,
2025-03-20,3,,2329.634163,,,8.404,,,,,,,,
2025-03-21,1,,2315.653316,,,8.4808,,,,,,,,
2025-03-21,2,,2326.961096,,,8.2959,,,,,,,,
2025-03-21,3,,2327.968137,,,8.406,,,,,,,,
2025-03-22,1,,2313.259316,,,8.4635,,,,,,,,
2025-03-22,2,,2331.212484,,,7.8923,,,,,,,,
2025-03-22,3,,2336.761397,,,7.552,,,,,,,,
2025-03-23,1,,2318.761338,,,7.8278,,,,,,,,
2025-03-23,2,,2331.035857,,,7.7673,,,,,,,,
2025-03-23,3,,2339.65446,,,7.374,,,,,,,,
2025-03-24,1,,2314.215684,,,8.48275,,,,,,,,
2025-03-24,2,,2327.913194,,,8.008125,,,,,,,,
2025-03-24,3,,2331.329519,,,8.366,,,,,,,,
2025-03-25,1,,2315.444436,,,8.4979,,,,,,,,
2025-03-25,2,,2328.293145,,,8.2646,,,,,,,,
2025-03-25,3,,2332.03923,,,8.362,,,,,,,,
2025-03-26,1,,2315.717985,,,8.3683,,,,,,,,
2025-03-26,2,,2330.209778,,,8.215,,,,,,,,
2025-03-26,3,,2330.761209,,,8.392,,,,,,,,
2025-03-27,1,,2316.085501,,,8.443,,,,,,,,
2025-03-27,2,,2324.589429,,,8.401,,,,,,,,
2025-03-27,3,,2329.268968,,,8.402,,,,,,,,
2025-03-28,1,,2315.011433,,,8.4256,,,,,,,,
2025-03-28,2,,2329.204351,,,7.9433,,,,,,,,
2025-03-28,3,,2336.291973,,,8.154,,,,,,,,
2025-03-29,1,,2319.92792,,,8.057625,,,,,,,,
2025-03-29,2,,2332.159028,,,7.8695,,,,,,,,
2025-03-29,3,,2334.294113,,,8.288,,,,,,,,
2025-03-30,1,,2324.10247,,,7.463875,,,,,,,,
2025-03-30,2,,2337.412952,,,7.335625,,,,,,,,
2025-03-30,3,,2336.992169,,,8.118,,,,,,,,
2025-03-31,1,,2320.387717,,,8.075,,,,,,,,
2025-03-31,2,,2329.636756,,,7.981,,,,,,,,
2025-03-31,3,,2335.139855,,,8.212,,,,,,,,
2025-04-01,1,,2323.851446,,,,2702.458111,45.29681162,,,,,,
2025-04-01,2,,2332.284177,,,,2702.458111,45.29681162,,,,,,
2025-04-01,3,,2331.030441,,,,2702.458111,45.29681162,,,,,,
2025-04-02,1,,2318.047925,,,,2702.458111,45.29681162,,,,,,
2025-04-02,2,,2323.421817,,,,2702.458111,45.29681162,,,,,,
2025-04-02,3,,2331.449547,,,,2702.458111,45.29681162,,,,,,
2025-04-03,1,,2325.926303,,,,2702.458111,45.29681162,,,,,,
2025-04-03,2,,2330.36722,,,,2702.458111,45.29681162,,,,,,
2025-04-03,3,,2334.186273,,,,2702.458111,45.29681162,,,,,,
2025-04-04,1,,2319.6233,,,,2702.458111,45.29681162,,,,,,
2025-04-04,2,,2329.322151,,,,2702.458111,45.29681162,,,,,,
2025-04-04,3,,2333.725603,,,,2702.458111,45.29681162,,,,,,
2025-04-05,1,,2320.66628,,,,2702.458111,45.29681162,,,,,,
2025-04-05,2,,2332.247423,,,,2702.458111,45.29681162,,,,,,
2025-04-05,3,,2330.631838,,,,2702.458111,45.29681162,,,,,,
2025-04-06,1,,2324.571107,,,,2702.458111,45.29681162,,,,,,
2025-04-06,2,,2335.859644,,,,2702.458111,45.29681162,,,,,,
2025-04-06,3,,2329.635312,,,,2702.458111,45.29681162,,,,,,
2025-04-07,1,,2322.934132,,,,2702.458111,45.29681162,,,,,,
2025-04-07,2,,2332.856857,,,,2702.458111,45.29681162,,,,,,
2025-04-07,3,,2332.043391,,,,2702.458111,45.29681162,,,,,,
2025-04-08,1,,2316.552696,,,,2702.458111,45.29681162,,,,,,
2025-04-08,2,,2326.974294,,,,2702.458111,45.29681162,,,,,,
2025-04-08,3,,2333.258246,,,,2702.458111,45.29681162,,,,,,
2025-04-09,1,,2315.863883,,,,2702.458111,45.29681162,,,,,,
2025-04-09,2,,2325.57612,,,,2702.458111,45.29681162,,,,,,
2025-04-09,3,,2329.925958,,,,2702.458111,45.29681162,,,,,,
2025-04-10,1,,2321.260226,,,,2702.458111,45.29681162,,,,,,
2025-04-10,2,,2327.994708,,,,2702.458111,45.29681162,,,,,,
2025-04-10,3,,2338.411938,,,,2702.458111,45.29681162,,,,,,
2025-04-11,1,,2322.988908,,,,2702.458111,45.29681162,,,,,,
2025-04-11,2,,2331.303267,,,,2702.458111,45.29681162,,,,,,
2025-04-11,3,,2340.453963,,,,2702.458111,45.29681162,,,,,,
2025-04-12,1,,2322.161276,,,,2702.458111,45.29681162,,,,,,
2025-04-12,2,,2330.889249,,,,2702.458111,45.29681162,,,,,,
2025-04-12,3,,2336.168744,,,,2702.458111,45.29681162,,,,,,
2025-04-13,1,,2321.747262,,,,2702.458111,45.29681162,,,,,,
2025-04-13,2,,2330.94076,,,,2702.458111,45.29681162,,,,,,
2025-04-13,3,,2335.792283,,,,2702.458111,45.29681162,,,,,,
2025-04-14,1,,2317.9982,,,,2702.458111,45.29681162,,,,,,
2025-04-14,2,,2329.6208,,,,2702.458111,45.29681162,,,,,,
2025-04-14,3,,2326.533113,,,,2702.458111,45.29681162,,,,,,
2025-04-15,1,,2315.431292,,,,2702.458111,45.29681162,,,,,,
2025-04-15,2,,2331.256,,,,2702.458111,45.29681162,,,,,,
2025-04-15,3,,2322.402458,,,,2702.458111,45.29681162,,,,,,
2025-04-16,1,,2315.560894,,,,2702.458111,45.29681162,,,,,,
2025-04-16,2,,2329.344813,,,,2702.458111,45.29681162,,,,,,
2025-04-16,3,,2321.300721,,,,2702.458111,45.29681162,,,,,,
2025-04-17,1,,2322.546377,,,,2702.458111,45.29681162,,,,,,
2025-04-17,2,,2326.239428,,,,2702.458111,45.29681162,,,,,,
2025-04-17,3,,2320.251881,,,,2702.458111,45.29681162,,,,,,
2025-04-18,1,,2315.940976,,,,2702.458111,45.29681162,,,,,,
2025-04-18,2,,2329.485482,,,,2702.458111,45.29681162,,,,,,
2025-04-18,3,,2327.49662,,,,2702.458111,45.29681162,,,,,,
2025-04-19,1,,2315.750603,,,,2702.458111,45.29681162,,,,,,
2025-04-19,2,,2327.85234,,,,2702.458111,45.29681162,,,,,,
2025-04-19,3,,2330.257055,,,,2702.458111,45.29681162,,,,,,
2025-04-20,1,,2316.35413,,,,2702.458111,45.29681162,,,,,,
2025-04-20,2,,2327.797272,,,,2702.458111,45.29681162,,,,,,
2025-04-20,3,,2319.604209,,,,2702.458111,45.29681162,,,,,,
2025-04-21,1,,2302.65998,,,,2702.458111,45.29681162,,,,,,
2025-04-21,2,,2314.91801,,,,2702.458111,45.29681162,,,,,,
2025-04-21,3,,2313.990365,,,,2702.458111,45.29681162,,,,,,
2025-04-22,1,,2303.400266,,,,2702.458111,45.29681162,,,,,,
2025-04-22,2,,2314.862364,,,,2702.458111,45.29681162,,,,,,
2025-04-22,3,,2315.734506,,,,2702.458111,45.29681162,,,,,,
2025-04-23,1,,2307.484173,,,,2702.458111,45.29681162,,,,,,
2025-04-23,2,,2325.944211,,,,2702.458111,45.29681162,,,,,,
2025-04-23,3,,2314.847641,,,,2702.458111,45.29681162,,,,,,
2025-04-24,1,,2306.06239,,,,2702.458111,45.29681162,,,,,,
2025-04-24,2,,2314.560633,,,,2702.458111,45.29681162,,,,,,
2025-04-24,3,,2317.128388,,,,2702.458111,45.29681162,,,,,,
2025-04-25,1,,2303.119441,,,,2702.458111,45.29681162,,,,,,
2025-04-25,2,,2311.538763,,,,2702.458111,45.29681162,,,,,,
2025-04-25,3,,2316.112201,,,,2702.458111,45.29681162,,,,,,
2025-04-26,1,,2305.021902,,,,2702.458111,45.29681162,,,,,,
2025-04-26,2,,2316.78971,,,,2702.458111,45.29681162,,,,,,
2025-04-26,3,,2320.581078,,,,2702.458111,45.29681162,,,,,,
2025-04-27,1,,2311.697237,,,,2702.458111,45.29681162,,,,,,
2025-04-27,2,,2321.983304,,,,2702.458111,45.29681162,,,,,,
2025-04-27,3,,2323.25377,,,,2702.458111,45.29681162,,,,,,
2025-04-28,1,,2309.561879,,,,2702.458111,45.29681162,,,,,,
2025-04-28,2,,2322.934346,,,,2702.458111,45.29681162,,,,,,
2025-04-28,3,,2319.560283,,,,2702.458111,45.29681162,,,,,,
2025-04-29,1,,2308.827237,,,,2702.458111,45.29681162,,,,,,
2025-04-29,2,,2318.611948,,,,2702.458111,45.29681162,,,,,,
2025-04-29,3,,2323.245958,,,,2702.458111,45.29681162,,,,,,
2025-04-30,1,,2318.100843,,,,2702.458111,45.29681162,,,,,,
2025-04-30,2,,2313.986409,,,,2702.458111,45.29681162,,,,,,
2025-04-30,3,,2322.190276,,,,2702.458111,45.29681162,,,,,,
2025-05-01,1,,1655.464744,,,,2682.151817,45.38245487,,,,,,
2025-05-01,2,,2321.627976,,,,2682.151817,45.38245487,,,,,,
2025-05-01,3,,2327.824708,,,,2682.151817,45.38245487,,,,,,
2025-05-02,1,,0.0,,,,2682.151817,45.38245487,,,,,,
2025-05-02,2,,2326.306392,,,,2682.151817,45.38245487,,,,,,
2025-05-02,3,,2326.231371,,,,2682.151817,45.38245487,,,,,,
2025-05-03,1,,5348.847626,,,,2682.151817,45.38245487,,,,,,
2025-05-03,2,,2316.558583,,,,2682.151817,45.38245487,,,,,,
2025-05-03,3,,2314.770263,,,,2682.151817,45.38245487,,,,,,
2025-05-04,1,,2312.491872,,,,2682.151817,45.38245487,,,,,,
2025-05-04,2,,2318.836168,,,,2682.151817,45.38245487,,,,,,
2025-05-04,3,,2324.106222,,,,2682.151817,45.38245487,,,,,,
2025-05-05,1,,2306.748521,,,,2682.151817,45.38245487,,,,,,
2025-05-05,2,,2315.650417,,,,2682.151817,45.38245487,,,,,,
2025-05-05,3,,2311.597483,,,,2682.151817,45.38245487,,,,,,
2025-05-06,1,,2318.171582,,,,2682.151817,45.38245487,,,,,,
2025-05-06,2,,2332.570715,,,,2682.151817,45.38245487,,,,,,
2025-05-06,3,,2315.170176,,,,2682.151817,45.38245487,,,,,,
2025-05-07,1,,2303.458048,,,,2682.151817,45.38245487,,,,,,
2025-05-07,2,,2320.821879,,,,2682.151817,45.38245487,,,,,,
2025-05-07,3,,2313.811688,,,,2682.151817,45.38245487,,,,,,
2025-05-08,1,,2304.935801,,,,2682.151817,45.38245487,,,,,,
2025-05-08,2,,2319.321386,,,,2682.151817,45.38245487,,,,,,
2025-05-08,3,,2312.380952,,,,2682.151817,45.38245487,,,,,,
2025-05-09,1,,2304.44394,,,,2682.151817,45.38245487,,,,,,
2025-05-09,2,,2313.047204,,,,2682.151817,45.38245487,,,,,,
2025-05-09,3,,2313.944563,,,,2682.151817,45.38245487,,,,,,
2025-05-10,1,,2303.980581,,,,2682.151817,45.38245487,,,,,,
2025-05-10,2,,2321.094285,,,,2682.151817,45.38245487,,,,,,
2025-05-10,3,,2314.996277,,,,2682.151817,45.38245487,,,,,,
2025-05-11,1,,2309.392495,,,,2682.151817,45.38245487,,,,,,
2025-05-11,2,,2318.356825,,,,2682.151817,45.38245487,,,,,,
2025-05-11,3,,2314.831724,,,,2682.151817,45.38245487,,,,,,
2025-05-12,1,,2305.938914,,,,2682.151817,45.38245487,,,,,,
2025-05-12,2,,2310.667534,,,,2682.151817,45.38245487,,,,,,
2025-05-12,3,,2308.645628,,,,2682.151817,45.38245487,,,,,,
2025-05-13,1,,2308.001395,,,,2682.151817,45.38245487,,,,,,
2025-05-13,2,,2316.078056,,,,2682.151817,45.38245487,,,,,,
2025-05-13,3,,2316.001603,,,,2682.151817,45.38245487,,,,,,
2025-05-14,1,,2306.715707,,,,2682.151817,45.38245487,,,,,,
2025-05-14,2,,2315.857998,,,,2682.151817,45.38245487,,,,,,
2025-05-14,3,,2311.709324,,,,2682.151817,45.38245487,,,,,,
2025-05-15,1,,2301.921168,,,,2682.151817,45.38245487,,,,,,
2025-05-15,2,,2312.317414,,,,2682.151817,45.38245487,,,,,,
2025-05-15,3,,2310.03602,,,,2682.151817,45.38245487,,,,,,
2025-05-16,1,,2298.508437,,,,2682.151817,45.38245487,,,,,,
2025-05-16,2,,2310.913659,,,,2682.151817,45.38245487,,,,,,
2025-05-16,3,,2310.316717,,,,2682.151817,45.38245487,,,,,,
2025-05-17,1,,2300.439002,,,,2682.151817,45.38245487,,,,,,
2025-05-17,2,,2311.028738,,,,2682.151817,45.38245487,,,,,,
2025-05-17,3,,2312.862284,,,,2682.151817,45.38245487,,,,,,
2025-05-18,1,,2308.050006,,,,2682.151817,45.38245487,,,,,,
2025-05-18,2,,2319.606925,,,,2682.151817,45.38245487,,,,,,
2025-05-18,3,,2324.638026,,,,2682.151817,45.38245487,,,,,,
2025-05-19,1,,2308.207994,,,,2682.151817,45.38245487,,,,,,
2025-05-19,2,,2313.815156,,,,2682.151817,45.38245487,,,,,,
2025-05-19,3,,2317.428306,,,,2682.151817,45.38245487,,,,,,
2025-05-20,1,,2301.629043,,,,2682.151817,45.38245487,,,,,,
2025-05-20,2,,2320.545767,,,,2682.151817,45.38245487,,,,,,
2025-05-20,3,,2312.458522,,,,2682.151817,45.38245487,,,,,,
2025-05-21,1,,2303.92499,,,,2682.151817,45.38245487,,,,,,
2025-05-21,2,,2323.511259,,,,2682.151817,45.38245487,,,,,,
2025-05-21,3,,2316.064787,,,,2682.151817,45.38245487,,,,,,
2025-05-22,1,,2314.095228,,,,2682.151817,45.38245487,,,,,,
2025-05-22,2,,2329.81762,,,,2682.151817,45.38245487,,,,,,
2025-05-22,3,,2326.543563,,,,2682.151817,45.38245487,,,,,,
2025-05-23,1,,2306.564545,,,,2682.151817,45.38245487,,,,,,
2025-05-23,2,,2320.160911,,,,2682.151817,45.38245487,,,,,,
2025-05-23,3,,2322.542378,,,,2682.151817,45.38245487,,,,,,
2025-05-24,1,,2309.087647,,,,2682.151817,45.38245487,,,,,,
2025-05-24,2,,2320.618855,,,,2682.151817,45.38245487,,,,,,
2025-05-24,3,,2323.592399,,,,2682.151817,45.38245487,,,,,,
2025-05-25,1,,2332.684361,,,,2682.151817,45.38245487,,,,,,
2025-05-25,2,,2325.333459,,,,2682.151817,45.38245487,,,,,,
2025-05-25,3,,2342.173502,,,,2682.151817,45.38245487,,,,,,
2025-05-26,1,,2313.445953,,,,2682.151817,45.38245487,,,,,,
2025-05-26,2,,2321.540698,,,,2682.151817,45.38245487,,,,,,
2025-05-26,3,,2309.433695,,,,2682.151817,45.38245487,,,,,,
2025-05-27,1,,2314.024575,,,,2682.151817,45.38245487,,,,,,
2025-05-27,2,,2322.42452,,,,2682.151817,45.38245487,,,,,,
2025-05-27,3,,2320.32647,,,,2682.151817,45.38245487,,,,,,
2025-05-28,1,,2311.077339,,,,2682.151817,45.38245487,,,,,,
2025-05-28,2,,2317.094232,,,,2682.151817,45.38245487,,,,,,
2025-05-28,3,,2317.651176,,,,2682.151817,45.38245487,,,,,,
2025-05-29,1,,2303.86835,,,,2682.151817,45.38245487,,,,,,
2025-05-29,2,,2317.188639,,,,2682.151817,45.38245487,,,,,,
2025-05-29,3,,2317.820093,,,,2682.151817,45.38245487,,,,,,
2025-05-30,1,,2314.07873,,,,2682.151817,45.38245487,,,,,,
2025-05-30,2,,2326.144256,,,,2682.151817,45.38245487,,,,,,
2025-05-30,3,,2328.650868,,,,2682.151817,45.38245487,,,,,,
2025-05-31,1,,2313.044792,,,,2682.151817,45.38245487,,,,,,
2025-05-31,2,,2325.20197,,,,2682.151817,45.38245487,,,,,,
2025-05-31,3,,2329.714777,,,,2682.151817,45.38245487,,,,,,
2025-06-01,1,,2328.919076,,,,2707.133556,46.52742476,,,,,,
2025-06-01,2,,2335.11795,,,,2707.133556,46.52742476,,,,,,
2025-06-01,3,,2325.131633,,,,2707.133556,46.52742476,,,,,,
2025-06-02,1,,2323.765153,,,,2707.133556,46.52742476,,,,,,
2025-06-02,2,,2326.527721,,,,2707.133556,46.52742476,,,,,,
2025-06-02,3,,2317.638899,,,,2707.133556,46.52742476,,,,,,
2025-06-03,1,,2310.971262,,,,2707.133556,46.52742476,,,,,,
2025-06-03,2,,2323.789478,,,,2707.133556,46.52742476,,,,,,
2025-06-03,3,,2318.615536,,,,2707.133556,46.52742476,,,,,,
2025-06-04,1,,2319.501265,,,,2707.133556,46.52742476,,,,,,
2025-06-04,2,,2322.493468,,,,2707.133556,46.52742476,,,,,,
2025-06-04,3,,2327.617085,,,,2707.133556,46.52742476,,,,,,
2025-06-05,1,,2310.386543,,,,2707.133556,46.52742476,,,,,,
2025-06-05,2,,2323.612512,,,,2707.133556,46.52742476,,,,,,
2025-06-05,3,,2317.784997,,,,2707.133556,46.52742476,,,,,,
2025-06-06,1,,2303.493787,,,,2707.133556,46.52742476,,,,,,
2025-06-06,2,,2314.309811,,,,2707.133556,46.52742476,,,,,,
2025-06-06,3,,2311.022602,,,,2707.133556,46.52742476,,,,,,
2025-06-07,1,,2305.424138,,,,2707.133556,46.52742476,,,,,,
2025-06-07,2,,2321.659726,,,,2707.133556,46.52742476,,,,,,
2025-06-07,3,,2308.304973,,,,2707.133556,46.52742476,,,,,,
2025-06-08,1,,2309.738415,,,,2707.133556,46.52742476,,,,,,
2025-06-08,2,,2319.344312,,,,2707.133556,46.52742476,,,,,,
2025-06-08,3,,2317.136847,,,,2707.133556,46.52742476,,,,,,
2025-06-09,1,,2302.579097,,,,2707.133556,46.52742476,,,,,,
2025-06-09,2,,2310.773675,,,,2707.133556,46.52742476,,,,,,
2025-06-09,3,,2316.447925,,,,2707.133556,46.52742476,,,,,,
2025-06-10,1,,2302.587557,,,,2707.133556,46.52742476,,,,,,
2025-06-10,2,,2313.447723,,,,2707.133556,46.52742476,,,,,,
2025-06-10,3,,2313.023723,,,,2707.133556,46.52742476,,,,,,
2025-06-11,1,,2299.822453,,,,2707.133556,46.52742476,,,,,,
2025-06-11,2,,2311.184028,,,,2707.133556,46.52742476,,,,,,
2025-06-11,3,,2310.305643,,,,2707.133556,46.52742476,,,,,,
2025-06-12,1,,2299.580788,,,,2707.133556,46.52742476,,,,,,
2025-06-12,2,,2310.796545,,,,2707.133556,46.52742476,,,,,,
2025-06-12,3,,2308.681246,,,,2707.133556,46.52742476,,,,,,
2025-06-13,1,,2299.855775,,,,2707.133556,46.52742476,,,,,,
2025-06-13,2,,2310.533687,,,,2707.133556,46.52742476,,,,,,
2025-06-13,3,,2310.170624,,,,2707.133556,46.52742476,,,,,,
2025-06-14,1,,2298.728987,,,,2707.133556,46.52742476,,,,,,
2025-06-14,2,,2309.583973,,,,2707.133556,46.52742476,,,,,,
2025-06-14,3,,2312.767555,,,,2707.133556,46.52742476,,,,,,
2025-06-15,1,,2302.448401,,,,2707.133556,46.52742476,,,,,,
2025-06-15,2,,2313.358539,,,,2707.133556,46.52742476,,,,,,
2025-06-15,3,,2318.859785,,,,2707.133556,46.52742476,,,,,,
2025-06-16,1,,2302.372101,,,,2707.133556,46.52742476,,,,,,
2025-06-16,2,,2313.224862,,,,2707.133556,46.52742476,,,,,,
2025-06-16,3,,2311.470618,,,,2707.133556,46.52742476,,,,,,
2025-06-17,1,,2314.940909,,,,2707.133556,46.52742476,,,,,,
2025-06-17,2,,2321.517876,,,,2707.133556,46.52742476,,,,,,
2025-06-17,3,,2320.185297,,,,2707.133556,46.52742476,,,,,,
2025-06-18,1,,2318.519863,,,,2707.133556,46.52742476,,,,,,
2025-06-18,2,,2336.032177,,,,2707.133556,46.52742476,,,,,,
2025-06-18,3,,2331.920654,,,,2707.133556,46.52742476,,,,,,
2025-06-19,1,,2317.487399,,,,2707.133556,46.52742476,,,,,,
2025-06-19,2,,2325.046584,,,,2707.133556,46.52742476,,,,,,
2025-06-19,3,,2321.565344,,,,2707.133556,46.52742476,,,,,,
2025-06-20,1,,2321.451506,,,,2707.133556,46.52742476,,,,,,
2025-06-20,2,,2330.192314,,,,2707.133556,46.52742476,,,,,,
2025-06-20,3,,2323.747461,,,,2707.133556,46.52742476,,,,,,
2025-06-21,1,,2311.249928,,,,2707.133556,46.52742476,,,,,,
2025-06-21,2,,2324.401989,,,,2707.133556,46.52742476,,,,,,
2025-06-21,3,,2319.303324,,,,2707.133556,46.52742476,,,,,,
2025-06-22,1,,2311.067953,,,,2707.133556,46.52742476,,,,,,
2025-06-22,2,,2324.634735,,,,2707.133556,46.52742476,,,,,,
2025-06-22,3,,2324.291419,,,,2707.133556,46.52742476,,,,,,
2025-06-23,1,,2306.444681,,,,2707.133556,46.52742476,,,,,,
2025-06-23,2,,0.0,,,,2707.133556,46.52742476,,,,,,
2025-06-23,3,,2310.72452,,,,2707.133556,46.52742476,,,,,,
2025-06-24,1,,2312.223253,,,,2707.133556,46.52742476,,,,,,
2025-06-24,2,,2339.610836,,,,2707.133556,46.52742476,,,,,,
2025-06-24,3,,2313.537814,,,,2707.133556,46.52742476,,,,,,
2025-06-25,1,,2303.834717,,,,2707.133556,46.52742476,,,,,,
2025-06-25,2,,2325.345324,,,,2707.133556,46.52742476,,,,,,
2025-06-25,3,,2313.123394,,,,2707.133556,46.52742476,,,,,,
2025-06-26,1,,2306.289098,,,,2707.133556,46.52742476,,,,,,
2025-06-26,2,,2311.980765,,,,2707.133556,46.52742476,,,,,,
2025-06-26,3,,2309.827031,,,,2707.133556,46.52742476,,,,,,
2025-06-27,1,,2301.291492,,,,2707.133556,46.52742476,,,,,,
2025-06-27,2,,2312.280127,,,,2707.133556,46.52742476,,,,,,
2025-06-27,3,,2313.130171,,,,2707.133556,46.52742476,,,,,,
2025-06-28,1,,2300.801101,,,,2707.133556,46.52742476,,,,,,
2025-06-28,2,,2322.491978,,,,2707.133556,46.52742476,,,,,,
2025-06-28,3,,2316.928434,,,,2707.133556,46.52742476,,,,,,
2025-06-29,1,,2314.75907,,,,2707.133556,46.52742476,,,,,,
2025-06-29,2,,0.0,,,,2707.133556,46.52742476,,,,,,
2025-06-29,3,,2326.681793,,,,2707.133556,46.52742476,,,,,,
2025-06-30,1,,2314.778141,,,,2707.133556,46.52742476,,,,,,
2025-06-30,2,,2336.846209,,,,2707.133556,46.52742476,,,,,,
2025-06-30,3,,2320.119148,,,,2707.133556,46.52742476,,,,,,
2025-07-01,1,,2315.479009,,,,2183.902258,47.06942906,,,,,,
2025-07-01,2,,2322.108224,,,,2183.902258,47.06942906,,,,,,
2025-07-01,3,,2324.491217,,,,2183.902258,47.06942906,,,,,,
2025-07-02,1,,2291.572716,,,,2183.902258,47.06942906,,,,,,
2025-07-02,2,,2316.843951,,,,2183.902258,47.06942906,,,,,,
2025-07-02,3,,2317.530764,,,,2183.902258,47.06942906,,,,,,
2025-07-03,1,,2303.406228,,,,2183.902258,47.06942906,,,,,,
2025-07-03,2,,2312.855518,,,,2183.902258,47.06942906,,,,,,
2025-07-03,3,,2315.816729,,,,2183.902258,47.06942906,,,,,,
2025-07-04,1,,2301.824618,,,,2183.902258,47.06942906,,,,,,
2025-07-04,2,,2316.300016,,,,2183.902258,47.06942906,,,,,,
2025-07-04,3,,2316.191998,,,,2183.902258,47.06942906,,,,,,
2025-07-05,1,,2300.090902,,,,2183.902258,47.06942906,,,,,,
2025-07-05,2,,2330.685944,,,,2183.902258,47.06942906,,,,,,
2025-07-05,3,,2317.207925,,,,2183.902258,47.06942906,,,,,,
2025-07-06,1,,2309.945468,,,,2183.902258,47.06942906,,,,,,
2025-07-06,2,,2397.000283,,,,2183.902258,47.06942906,,,,,,
2025-07-06,3,,2327.6052,,,,2183.902258,47.06942906,,,,,,
2025-07-07,1,,2306.920648,,,,2183.902258,47.06942906,,,,,,
2025-07-07,2,,0.0,,,,2183.902258,47.06942906,,,,,,
2025-07-07,3,,2323.119365,,,,2183.902258,47.06942906,,,,,,
2025-07-08,1,,2299.715047,,,,2183.902258,47.06942906,,,,,,
2025-07-08,2,,0.0,,,,2183.902258,47.06942906,,,,,,
2025-07-08,3,,2323.842482,,,,2183.902258,47.06942906,,,,,,
2025-07-09,1,,2304.66884,,,,2183.902258,47.06942906,,,,,,
2025-07-09,2,,0.0,,,,2183.902258,47.06942906,,,,,,
2025-07-09,3,,2321.563439,,,,2183.902258,47.06942906,,,,,,
2025-07-10,1,,2310.265584,,,,2183.902258,47.06942906,,,,,,
2025-07-10,2,,0.0,,,,2183.902258,47.06942906,,,,,,
2025-07-10,3,,2324.321249,,,,2183.902258,47.06942906,,,,,,
2025-07-11,1,,2301.617023,,,,2183.902258,47.06942906,,,,,,
2025-07-11,2,,0.0,,,,2183.902258,47.06942906,,,,,,
2025-07-11,3,,2315.167664,,,,2183.902258,47.06942906,,,,,,
2025-07-12,1,,2302.524037,,,,2183.902258,47.06942906,,,,,,
2025-07-12,2,,0.0,,,,2183.902258,47.06942906,,,,,,
2025-07-12,3,,2316.301455,,,,2183.902258,47.06942906,,,,,,
2025-07-13,1,,2312.510793,,,,2183.902258,47.06942906,,,,,,
2025-07-13,2,,0.0,,,,2183.902258,47.06942906,,,,,,
2025-07-13,3,,2323.086862,,,,2183.902258,47.06942906,,,,,,
2025-07-14,1,,2312.578666,,,,2183.902258,47.06942906,,,,,,
2025-07-14,2,,0.0,,,,2183.902258,47.06942906,,,,,,
2025-07-14,3,,2327.777865,,,,2183.902258,47.06942906,,,,,,
2025-07-15,1,,2312.36898,,,,2183.902258,47.06942906,,,,,,
2025-07-15,2,,0.0,,,,2183.902258,47.06942906,,,,,,
2025-07-15,3,,2319.503646,,,,2183.902258,47.06942906,,,,,,
2025-07-16,1,,2309.67865,,,,2183.902258,47.06942906,,,,,,
2025-07-16,2,,0.0,,,,2183.902258,47.06942906,,,,,,
2025-07-16,3,,2318.57894,,,,2183.902258,47.06942906,,,,,,
2025-07-17,1,,2308.454156,,,,2183.902258,47.06942906,,,,,,
2025-07-17,2,,0.0,,,,2183.902258,47.06942906,,,,,,
2025-07-17,3,,2318.466065,,,,2183.902258,47.06942906,,,,,,
2025-07-18,1,,2306.50493,,,,2183.902258,47.06942906,,,,,,
2025-07-18,2,,0.0,,,,2183.902258,47.06942906,,,,,,
2025-07-18,3,,2317.351951,,,,2183.902258,47.06942906,,,,,,
2025-07-19,1,,2302.982393,,,,2183.902258,47.06942906,,,,,,
2025-07-19,2,,0.0,,,,2183.902258,47.06942906,,,,,,
2025-07-19,3,,2312.37754,,,,2183.902258,47.06942906,,,,,,
2025-07-20,1,,2304.571245,,,,2183.902258,47.06942906,,,,,,
2025-07-20,2,,0.0,,,,2183.902258,47.06942906,,,,,,
2025-07-20,3,,2316.650156,,,,2183.902258,47.06942906,,,,,,
2025-07-21,1,,2304.006893,,,,2183.902258,47.06942906,,,,,,
2025-07-21,2,,0.0,,,,2183.902258,47.06942906,,,,,,
2025-07-21,3,,2316.761875,,,,2183.902258,47.06942906,,,,,,
2025-07-22,1,,2305.562982,,,,2183.902258,47.06942906,,,,,,
2025-07-22,2,,0.0,,,,2183.902258,47.06942906,,,,,,
2025-07-22,3,,2321.221168,,,,2183.902258,47.06942906,,,,,,
2025-07-23,1,,2303.836535,,,,2183.902258,47.06942906,,,,,,
2025-07-23,2,,0.0,,,,2183.902258,47.06942906,,,,,,
2025-07-23,3,,2320.335402,,,,2183.902258,47.06942906,,,,,,
2025-07-24,1,,2307.68228,,,,2183.902258,47.06942906,,,,,,
2025-07-24,2,,0.0,,,,2183.902258,47.06942906,,,,,,
2025-07-24,3,,2321.453213,,,,2183.902258,47.06942906,,,,,,
2025-07-25,1,,2305.432598,,,,2183.902258,47.06942906,,,,,,
2025-07-25,2,,0.0,,,,2183.902258,47.06942906,,,,,,
2025-07-25,3,,2322.708157,,,,2183.902258,47.06942906,,,,,,
2025-07-26,1,,2306.864858,,,,2183.902258,47.06942906,,,,,,
2025-07-26,2,,0.0,,,,2183.902258,47.06942906,,,,,,
2025-07-26,3,,2324.260037,,,,2183.902258,47.06942906,,,,,,
2025-07-27,1,,2309.45117,,,,2183.902258,47.06942906,,,,,,
2025-07-27,2,,0.0,,,,2183.902258,47.06942906,,,,,,
2025-07-27,3,,2323.611882,,,,2183.902258,47.06942906,,,,,,
2025-07-28,1,,2305.693028,,,,2183.902258,47.06942906,,,,,,
2025-07-28,2,,0.0,,,,2183.902258,47.06942906,,,,,,
2025-07-28,3,,2318.652114,,,,2183.902258,47.06942906,,,,,,
2025-07-29,1,,2312.623606,,,,2183.902258,47.06942906,,,,,,
2025-07-29,2,,0.0,,,,2183.902258,47.06942906,,,,,,
2025-07-29,3,,2322.793566,,,,2183.902258,47.06942906,,,,,,
2025-07-30,1,,2308.915892,,,,2183.902258,47.06942906,,,,,,
2025-07-30,2,,2328.985415,,,,2183.902258,47.06942906,,,,,,
2025-07-30,3,,2321.437449,,,,2183.902258,47.06942906,,,,,,
2025-07-31,1,,2308.697393,,,,2183.902258,47.06942906,,,,,,
2025-07-31,2,,2320.167587,,,,2183.902258,47.06942906,,,,,,
2025-07-31,3,,2324.36306,,,,2183.902258,47.06942906,,,,,,
2025-08-01,1,,2311.54771,,,,2237.109032,44.36137673,,,,,,
2025-08-01,2,,2311.870127,,,,2237.109032,44.36137673,,,,,,
2025-08-01,3,,2312.674769,,,,2237.109032,44.36137673,,,,,,
2025-08-02,1,,2312.806132,,,,2237.109032,44.36137673,,,,,,
2025-08-02,2,,2306.904072,,,,2237.109032,44.36137673,,,,,,
2025-08-02,3,,2318.017035,,,,2237.109032,44.36137673,,,,,,
2025-08-03,1,,2312.749251,,,,2237.109032,44.36137673,,,,,,
2025-08-03,2,,2313.409192,,,,2237.109032,44.36137673,,,,,,
2025-08-03,3,,2323.478829,,,,2237.109032,44.36137673,,,,,,
2025-08-04,1,,2308.339192,,,,2237.109032,44.36137673,,,,,,
2025-08-04,2,,2308.012739,,,,2237.109032,44.36137673,,,,,,
2025-08-04,3,,2318.952468,,,,2237.109032,44.36137673,,,,,,
2025-08-05,1,,2309.061322,,,,2237.109032,44.36137673,,,,,,
2025-08-05,2,,2305.4611,,,,2237.109032,44.36137673,,,,,,
2025-08-05,3,,2316.559648,,,,2237.109032,44.36137673,,,,,,
2025-08-06,1,,2307.555819,,,,2237.109032,44.36137673,,,,,,
2025-08-06,2,,2314.204728,,,,2237.109032,44.36137673,,,,,,
2025-08-06,3,,2316.085391,,,,2237.109032,44.36137673,,,,,,
2025-08-07,1,,2309.860718,,,,2237.109032,44.36137673,,,,,,
2025-08-07,2,,2311.894655,,,,2237.109032,44.36137673,,,,,,
2025-08-07,3,,2318.050387,,,,2237.109032,44.36137673,,,,,,
2025-08-08,1,,2300.671918,,,,2237.109032,44.36137673,,,,,,
2025-08-08,2,,2300.252646,,,,2237.109032,44.36137673,,,,,,
2025-08-08,3,,2315.034448,,,,2237.109032,44.36137673,,,,,,
2025-08-09,1,,2317.179204,,,,2237.109032,44.36137673,,,,,,
2025-08-09,2,,2309.960656,,,,2237.109032,44.36137673,,,,,,
2025-08-09,3,,2326.018738,,,,2237.109032,44.36137673,,,,,,
2025-08-10,1,,2325.929753,,,,2237.109032,44.36137673,,,,,,
2025-08-10,2,,2313.967721,,,,2237.109032,44.36137673,,,,,,
2025-08-10,3,,2322.316586,,,,2237.109032,44.36137673,,,,,,
2025-08-11,1,,2308.645253,,,,2237.109032,44.36137673,,,,,,
2025-08-11,2,,2305.265731,,,,2237.109032,44.36137673,,,,,,
2025-08-11,3,,2315.750591,,,,2237.109032,44.36137673,,,,,,
2025-08-12,1,,2308.971564,,,,2237.109032,44.36137673,,,,,,
2025-08-12,2,,2308.222295,,,,2237.109032,44.36137673,,,,,,
2025-08-12,3,,2315.362394,,,,2237.109032,44.36137673,,,,,,
2025-08-13,1,,2309.705427,,,,2237.109032,44.36137673,,,,,,
2025-08-13,2,,2314.378126,,,,2237.109032,44.36137673,,,,,,
2025-08-13,3,,2316.105463,,,,2237.109032,44.36137673,,,,,,
2025-08-14,1,,2309.932571,,,,2237.109032,44.36137673,,,,,,
2025-08-14,2,,2315.699839,,,,2237.109032,44.36137673,,,,,,
2025-08-14,3,,2307.064167,,,,2237.109032,44.36137673,,,,,,
2025-08-15,1,,2314.858632,,,,2237.109032,44.36137673,,,,,,
2025-08-15,2,,2315.123281,,,,2237.109032,44.36137673,,,,,,
2025-08-15,3,,2332.325618,,,,2237.109032,44.36137673,,,,,,
2025-08-16,1,,2308.343802,,,,2237.109032,44.36137673,,,,,,
2025-08-16,2,,2304.813912,,,,2237.109032,44.36137673,,,,,,
2025-08-16,3,,2318.440569,,,,2237.109032,44.36137673,,,,,,
2025-08-17,1,,2315.175068,,,,2237.109032,44.36137673,,,,,,
2025-08-17,2,,2315.025333,,,,2237.109032,44.36137673,,,,,,
2025-08-17,3,,2325.32418,,,,2237.109032,44.36137673,,,,,,
2025-08-18,1,,2317.076074,,,,2237.109032,44.36137673,,,,,,
2025-08-18,2,,2311.224981,,,,2237.109032,44.36137673,,,,,,
2025-08-18,3,,2315.652689,,,,2237.109032,44.36137673,,,,,,
2025-08-19,1,,2310.736359,,,,2237.109032,44.36137673,,,,,,
2025-08-19,2,,2304.892701,,,,2237.109032,44.36137673,,,,,,
2025-08-19,3,,2335.658907,,,,2237.109032,44.36137673,,,,,,
2025-08-20,1,,2314.058361,,,,2237.109032,44.36137673,,,,,,
2025-08-20,2,,2309.739727,,,,2237.109032,44.36137673,,,,,,
2025-08-20,3,,0.0,,,,2237.109032,44.36137673,,,,,,
2025-08-21,1,,2309.068309,,,,2237.109032,44.36137673,,,,,,
2025-08-21,2,,2302.662226,,,,2237.109032,44.36137673,,,,,,
2025-08-21,3,,5338.376449,,,,2237.109032,44.36137673,,,,,,
2025-08-22,1,,2304.827309,,,,2237.109032,44.36137673,,,,,,
2025-08-22,2,,2317.424499,,,,2237.109032,44.36137673,,,,,,
2025-08-22,3,,2325.775469,,,,2237.109032,44.36137673,,,,,,
2025-08-23,1,,2313.253803,,,,2237.109032,44.36137673,,,,,,
2025-08-23,2,,2305.441833,,,,2237.109032,44.36137673,,,,,,
2025-08-23,3,,2322.856475,,,,2237.109032,44.36137673,,,,,,
2025-08-24,1,,2316.986027,,,,2237.109032,44.36137673,,,,,,
2025-08-24,2,,2317.41016,,,,2237.109032,44.36137673,,,,,,
2025-08-24,3,,2325.955169,,,,2237.109032,44.36137673,,,,,,
2025-08-25,1,,2323.423118,,,,2237.109032,44.36137673,,,,,,
2025-08-25,2,,2320.240172,,,,2237.109032,44.36137673,,,,,,
2025-08-25,3,,0.0,,,,2237.109032,44.36137673,,,,,,
2025-08-26,1,,2315.314901,,,,2237.109032,44.36137673,,,,,,
2025-08-26,2,,2312.482768,,,,2237.109032,44.36137673,,,,,,
2025-08-26,3,,2346.074255,,,,2237.109032,44.36137673,,,,,,
2025-08-27,1,,2313.72674,,,,2237.109032,44.36137673,,,,,,
2025-08-27,2,,2310.41969,,,,2237.109032,44.36137673,,,,,,
2025-08-27,3,,2324.981051,,,,2237.109032,44.36137673,,,,,,
2025-08-28,1,,2312.062888,,,,2237.109032,44.36137673,,,,,,
2025-08-28,2,,2310.959403,,,,2237.109032,44.36137673,,,,,,
2025-08-28,3,,2325.396248,,,,2237.109032,44.36137673,,,,,,
2025-08-29,1,,2317.094837,,,,2237.109032,44.36137673,,,,,,
2025-08-29,2,,2314.404812,,,,2237.109032,44.36137673,,,,,,
2025-08-29,3,,2322.654335,,,,2237.109032,44.36137673,,,,,,
2025-08-30,1,,2309.785535,,,,2237.109032,44.36137673,,,,,,
2025-08-30,2,,2307.49897,,,,2237.109032,44.36137673,,,,,,
2025-08-30,3,,2317.99226,,,,2237.109032,44.36137673,,,,,,
2025-08-31,1,,2323.575492,,,,2237.109032,44.36137673,,,,,,
2025-08-31,2,,2320.986908,,,,2237.109032,44.36137673,,,,,,
2025-08-31,3,,2329.872068,,,,2237.109032,44.36137673,,,,,,
2025-09-01,1,,2327.30598,,,,2377.716444,44.90861281,,,,,,
2025-09-01,2,,2322.256525,,,,2377.716444,44.90861281,,,,,,
2025-09-01,3,,2332.637961,,,,2377.716444,44.90861281,,,,,,
2025-09-02,1,,2322.349857,,,,2377.716444,44.90861281,,,,,,
2025-09-02,2,,2323.111209,,,,2377.716444,44.90861281,,,,,,
2025-09-02,3,,2331.261309,,,,2377.716444,44.90861281,,,,,,
2025-09-03,1,,2321.205713,,,,2377.716444,44.90861281,,,,,,
2025-09-03,2,,2321.77996,,,,2377.716444,44.90861281,,,,,,
2025-09-03,3,,2329.368068,,,,2377.716444,44.90861281,,,,,,
2025-09-04,1,,2312.53361,,,,2377.716444,44.90861281,,,,,,
2025-09-04,2,,2308.958231,,,,2377.716444,44.90861281,,,,,,
2025-09-04,3,,2330.06487,,,,2377.716444,44.90861281,,,,,,
2025-09-05,1,,2312.988256,,,,2377.716444,44.90861281,,,,,,
2025-09-05,2,,2311.974312,,,,2377.716444,44.90861281,,,,,,
2025-09-05,3,,2322.495627,,,,2377.716444,44.90861281,,,,,,
2025-09-06,1,,2313.248192,,,,2377.716444,44.90861281,,,,,,
2025-09-06,2,,2309.196412,,,,2377.716444,44.90861281,,,,,,
2025-09-06,3,,2327.617255,,,,2377.716444,44.90861281,,,,,,
2025-09-07,1,,2313.550041,,,,2377.716444,44.90861281,,,,,,
2025-09-07,2,,2312.700471,,,,2377.716444,44.90861281,,,,,,
2025-09-07,3,,2334.214118,,,,2377.716444,44.90861281,,,,,,
2025-09-08,1,,2313.164401,,,,2377.716444,44.90861281,,,,,,
2025-09-08,2,,2303.73202,,,,2377.716444,44.90861281,,,,,,
2025-09-08,3,,2323.14855,,,,2377.716444,44.90861281,,,,,,
2025-09-09,1,,2307.308272,,,,2377.716444,44.90861281,,,,,,
2025-09-09,2,,2302.315148,,,,2377.716444,44.90861281,,,,,,
2025-09-09,3,,2318.005457,,,,2377.716444,44.90861281,,,,,,
2025-09-10,1,,2309.686134,,,,2377.716444,44.90861281,,,,,,
2025-09-10,2,,2300.72855,,,,2377.716444,44.90861281,,,,,,
2025-09-10,3,,2318.788327,,,,2377.716444,44.90861281,,,,,,
2025-09-11,1,,2312.795252,,,,2377.716444,44.90861281,,,,,,
2025-09-11,2,,2311.175918,,,,2377.716444,44.90861281,,,,,,
2025-09-11,3,,2318.479947,,,,2377.716444,44.90861281,,,,,,
2025-09-12,1,,2304.367205,,,,2377.716444,44.90861281,,,,,,
2025-09-12,2,,2310.499387,,,,2377.716444,44.90861281,,,,,,
2025-09-12,3,,2310.845447,,,,2377.716444,44.90861281,,,,,,
2025-09-13,1,,2299.721965,,,,2377.716444,44.90861281,,,,,,
2025-09-13,2,,2301.319481,,,,2377.716444,44.90861281,,,,,,
2025-09-13,3,,2318.632086,,,,2377.716444,44.90861281,,,,,,
2025-09-14,1,,2315.242377,,,,2377.716444,44.90861281,,,,,,
2025-09-14,2,,2312.528632,,,,2377.716444,44.90861281,,,,,,
2025-09-14,3,,2332.317706,,,,2377.716444,44.90861281,,,,,,
2025-09-15,1,,2309.994897,,,,2377.716444,44.90861281,,,,,,
2025-09-15,2,,2308.239414,,,,2377.716444,44.90861281,,,,,,
2025-09-15,3,,2324.395232,,,,2377.716444,44.90861281,,,,,,
2025-09-16,1,,2309.153812,,,,2377.716444,44.90861281,,,,,,
2025-09-16,2,,2312.726673,,,,2377.716444,44.90861281,,,,,,
2025-09-16,3,,2320.853262,,,,2377.716444,44.90861281,,,,,,
2025-09-17,1,,2302.646645,,,,2377.716444,44.90861281,,,,,,
2025-09-17,2,,2312.647619,,,,2377.716444,44.90861281,,,,,,
2025-09-17,3,,2319.85243,,,,2377.716444,44.90861281,,,,,,
2025-09-18,1,,2303.162209,,,,2377.716444,44.90861281,,,,,,
2025-09-18,2,,2310.478666,,,,2377.716444,44.90861281,,,,,,
2025-09-18,3,,2316.955957,,,,2377.716444,44.90861281,,,,,,
2025-09-19,1,,2300.854246,,,,2377.716444,44.90861281,,,,,,
2025-09-19,2,,2299.755339,,,,2377.716444,44.90861281,,,,,,
2025-09-19,3,,2320.347742,,,,2377.716444,44.90861281,,,,,,
2025-09-20,1,,2310.174167,,,,2377.716444,44.90861281,,,,,,
2025-09-20,2,,2308.090812,,,,2377.716444,44.90861281,,,,,,
2025-09-20,3,,2321.952032,,,,2377.716444,44.90861281,,,,,,
2025-09-21,1,,2312.603356,,,,2377.716444,44.90861281,,,,,,
2025-09-21,2,,2311.178524,,,,2377.716444,44.90861281,,,,,,
2025-09-21,3,,2327.648082,,,,2377.716444,44.90861281,,,,,,
2025-09-22,1,,2307.632224,,,,2377.716444,44.90861281,,,,,,
2025-09-22,2,,2304.588271,,,,2377.716444,44.90861281,,,,,,
2025-09-22,3,,2320.960133,,,,2377.716444,44.90861281,,,,,,
2025-09-23,1,,2312.231167,,,,2377.716444,44.90861281,,,,,,
2025-09-23,2,,2311.075551,,,,2377.716444,44.90861281,,,,,,
2025-09-23,3,,2321.766716,,,,2377.716444,44.90861281,,,,,,
2025-09-24,1,,2311.251145,,,,2377.716444,44.90861281,,,,,,
2025-09-24,2,,2308.621398,,,,2377.716444,44.90861281,,,,,,
2025-09-24,3,,2318.516604,,,,2377.716444,44.90861281,,,,,,
2025-09-25,1,,2310.501941,,,,2377.716444,44.90861281,,,,,,
2025-09-25,2,,2308.668891,,,,2377.716444,44.90861281,,,,,,
2025-09-25,3,,2326.259176,,,,2377.716444,44.90861281,,,,,,
2025-09-26,1,,2308.279946,,,,2377.716444,44.90861281,,,,,,
2025-09-26,2,,2306.677177,,,,2377.716444,44.90861281,,,,,,
2025-09-26,3,,2324.550546,,,,2377.716444,44.90861281,,,,,,
2025-09-27,1,,2311.351131,,,,2377.716444,44.90861281,,,,,,
2025-09-27,2,,2309.371854,,,,2377.716444,44.90861281,,,,,,
2025-09-27,3,,2318.532579,,,,2377.716444,44.90861281,,,,,,
2025-09-28,1,,2316.11698,,,,2377.716444,44.90861281,,,,,,
2025-09-28,2,,2317.136773,,,,2377.716444,44.90861281,,,,,,
2025-09-28,3,,2324.887827,,,,2377.716444,44.90861281,,,,,,
2025-09-29,1,,2308.389892,,,,2377.716444,44.90861281,,,,,,
2025-09-29,2,,2309.452849,,,,2377.716444,44.90861281,,,,,,
2025-09-29,3,,2332.411971,,,,2377.716444,44.90861281,,,,,,
2025-09-30,1,,2302.717951,,,,2377.716444,44.90861281,,,,,,
2025-09-30,2,,2311.894604,,,,2377.716444,44.90861281,,,,,,
2025-09-30,3,,2322.625005,,,,2377.716444,44.90861281,,,,,,
2025-10-01,1,,2314.749914,,,,1834.445699,45.01802268,,,,,,
2025-10-01,2,,0.0,,,,1834.445699,45.01802268,,,,,,
2025-10-01,3,,2330.647109,,,,1834.445699,45.01802268,,,,,,
2025-10-02,1,,2320.454321,,,,1834.445699,45.01802268,,,,,,
2025-10-02,2,,2334.883762,,,,1834.445699,45.01802268,,,,,,
2025-10-02,3,,2339.551558,,,,1834.445699,45.01802268,,,,,,
2025-10-03,1,,2305.906471,,,,1834.445699,45.01802268,,,,,,
2025-10-03,2,,2304.00228,,,,1834.445699,45.01802268,,,,,,
2025-10-03,3,,2312.611403,,,,1834.445699,45.01802268,,,,,,
2025-10-04,1,,2307.212345,,,,1834.445699,45.01802268,,,,,,
2025-10-04,2,,2309.950621,,,,1834.445699,45.01802268,,,,,,
2025-10-04,3,,2317.949195,,,,1834.445699,45.01802268,,,,,,
2025-10-05,1,,2316.475046,,,,1834.445699,45.01802268,,,,,,
2025-10-05,2,,2315.008799,,,,1834.445699,45.01802268,,,,,,
2025-10-05,3,,2320.00646,,,,1834.445699,45.01802268,,,,,,
2025-10-06,1,,2317.24541,,,,1834.445699,45.01802268,,,,,,
2025-10-06,2,,2315.209485,,,,1834.445699,45.01802268,,,,,,
2025-10-06,3,,2324.793459,,,,1834.445699,45.01802268,,,,,,
2025-10-07,1,,2316.233422,,,,1834.445699,45.01802268,,,,,,
2025-10-07,2,,2318.460518,,,,1834.445699,45.01802268,,,,,,
2025-10-07,3,,2327.228171,,,,1834.445699,45.01802268,,,,,,
2025-10-08,1,,2315.342902,,,,1834.445699,45.01802268,,,,,,
2025-10-08,2,,2312.115211,,,,1834.445699,45.01802268,,,,,,
2025-10-08,3,,2333.417679,,,,1834.445699,45.01802268,,,,,,
2025-10-09,1,,2314.726104,,,,1834.445699,45.01802268,,,,,,
2025-10-09,2,,2312.269219,,,,1834.445699,45.01802268,,,,,,
2025-10-09,3,,2328.871959,,,,1834.445699,45.01802268,,,,,,
2025-10-10,1,,2314.3358,,,,1834.445699,45.01802268,,,,,,
2025-10-10,2,,2316.172713,,,,1834.445699,45.01802268,,,,,,
2025-10-10,3,,2332.961846,,,,1834.445699,45.01802268,,,,,,
2025-10-11,1,,2313.398335,,,,1834.445699,45.01802268,,,,,,
2025-10-11,2,,2310.909811,,,,1834.445699,45.01802268,,,,,,
2025-10-11,3,,2329.272252,,,,1834.445699,45.01802268,,,,,,
2025-10-12,1,,2318.981106,,,,1834.445699,45.01802268,,,,,,
2025-10-12,2,,2313.634792,,,,1834.445699,45.01802268,,,,,,
2025-10-12,3,,2334.03571,,,,1834.445699,45.01802268,,,,,,
2025-10-13,1,,2312.898647,,,,1834.445699,45.01802268,,,,,,
2025-10-13,2,,2309.726582,,,,1834.445699,45.01802268,,,,,,
2025-10-13,3,,2327.705268,,,,1834.445699,45.01802268,,,,,,
2025-10-14,1,,2314.358266,,,,1834.445699,45.01802268,,,,,,
2025-10-14,2,,2306.8824,,,,1834.445699,45.01802268,,,,,,
2025-10-14,3,,2326.413235,,,,1834.445699,45.01802268,,,,,,
2025-10-15,1,,2312.0777,,,,1834.445699,45.01802268,,,,,,
2025-10-15,2,,2307.425174,,,,1834.445699,45.01802268,,,,,,
2025-10-15,3,,2334.596936,,,,1834.445699,45.01802268,,,,,,
2025-10-16,1,,2311.97913,,,,1834.445699,45.01802268,,,,,,
2025-10-16,2,,2306.39863,,,,1834.445699,45.01802268,,,,,,
2025-10-16,3,,2319.647724,,,,1834.445699,45.01802268,,,,,,
2025-10-17,1,,2318.332346,,,,1834.445699,45.01802268,,,,,,
2025-10-17,2,,2304.939679,,,,1834.445699,45.01802268,,,,,,
2025-10-17,3,,2327.078093,,,,1834.445699,45.01802268,,,,,,
2025-10-18,1,,2339.983278,,,,1834.445699,45.01802268,,,,,,
2025-10-18,2,,2303.978149,,,,1834.445699,45.01802268,,,,,,
2025-10-18,3,,2331.376592,,,,1834.445699,45.01802268,,,,,,
2025-10-19,1,,2316.08311,,,,1834.445699,45.01802268,,,,,,
2025-10-19,2,,2308.31061,,,,1834.445699,45.01802268,,,,,,
2025-10-19,3,,2340.722338,,,,1834.445699,45.01802268,,,,,,
2025-10-20,1,,2316.815792,,,,1834.445699,45.01802268,,,,,,
2025-10-20,2,,2309.322169,,,,1834.445699,45.01802268,,,,,,
2025-10-20,3,,2343.521516,,,,1834.445699,45.01802268,,,,,,
2025-10-21,1,,2318.308858,,,,1834.445699,45.01802268,,,,,,
2025-10-21,2,,2313.650438,,,,1834.445699,45.01802268,,,,,,
2025-10-21,3,,2342.960124,,,,1834.445699,45.01802268,,,,,,
2025-10-22,1,,2322.203176,,,,1834.445699,45.01802268,,,,,,
2025-10-22,2,,2319.320353,,,,1834.445699,45.01802268,,,,,,
2025-10-22,3,,2346.901918,,,,1834.445699,45.01802268,,,,,,
2025-10-23,1,,2319.958356,,,,1834.445699,45.01802268,,,,,,
2025-10-23,2,,2312.98302,,,,1834.445699,45.01802268,,,,,,
2025-10-23,3,,2342.464259,,,,1834.445699,45.01802268,,,,,,
2025-10-24,1,,2306.977615,,,,1834.445699,45.01802268,,,,,,
2025-10-24,2,,2307.574589,,,,1834.445699,45.01802268,,,,,,
2025-10-24,3,,2330.864891,,,,1834.445699,45.01802268,,,,,,
2025-10-25,1,,2312.014229,,,,1834.445699,45.01802268,,,,,,
2025-10-25,2,,2308.924315,,,,1834.445699,45.01802268,,,,,,
2025-10-25,3,,2336.273554,,,,1834.445699,45.01802268,,,,,,
2025-10-26,1,,2320.019419,,,,1834.445699,45.01802268,,,,,,
2025-10-26,2,,2315.94616,,,,1834.445699,45.01802268,,,,,,
2025-10-26,3,,2342.873623,,,,1834.445699,45.01802268,,,,,,
2025-10-27,1,,2311.245904,,,,1834.445699,45.01802268,,,,,,
2025-10-27,2,,2309.240708,,,,1834.445699,45.01802268,,,,,,
2025-10-27,3,,2341.22732,,,,1834.445699,45.01802268,,,,,,
2025-10-28,1,,2320.877986,,,,1834.445699,45.01802268,,,,,,
2025-10-28,2,,2321.992385,,,,1834.445699,45.01802268,,,,,,
2025-10-28,3,,2342.7098,,,,1834.445699,45.01802268,,,,,,
2025-10-29,1,,2326.197557,,,,1834.445699,45.01802268,,,,,,
2025-10-29,2,,2320.395464,,,,1834.445699,45.01802268,,,,,,
2025-10-29,3,,2355.691171,,,,1834.445699,45.01802268,,,,,,
2025-10-30,1,,2318.781064,,,,1834.445699,45.01802268,,,,,,
2025-10-30,2,,2314.890338,,,,1834.445699,45.01802268,,,,,,
2025-10-30,3,,2342.576439,,,,1834.445699,45.01802268,,,,,,
2025-10-31,1,,2320.56337,,,,1834.445699,45.01802268,,,,,,
2025-10-31,2,,2313.674034,,,,1834.445699,45.01802268,,,,,,
2025-10-31,3,,2345.060354,,,,1834.445699,45.01802268,,,,,,
2025-11-01,1,,2313.987765,,,,2065.659444,44.07074433,,,,,,
2025-11-01,2,,2312.721994,,,,2065.659444,44.07074433,,,,,,
2025-11-01,3,,2332.24218,,,,2065.659444,44.07074433,,,,,,
2025-11-02,1,,2320.98832,,,,2065.659444,44.07074433,,,,,,
2025-11-02,2,,2321.078278,,,,2065.659444,44.07074433,,,,,,
2025-11-02,3,,2394.281223,,,,2065.659444,44.07074433,,,,,,
2025-11-03,1,,2311.085511,,,,2065.659444,44.07074433,,,,,,
2025-11-03,2,,2315.496792,,,,2065.659444,44.07074433,,,,,,
2025-11-03,3,,0.0,,,,2065.659444,44.07074433,,,,,,
2025-11-04,1,,2318.108343,,,,2065.659444,44.07074433,,,,,,
2025-11-04,2,,2318.2208,,,,2065.659444,44.07074433,,,,,,
2025-11-04,3,,0.0,,,,2065.659444,44.07074433,,,,,,
2025-11-05,1,,2324.943919,,,,2065.659444,44.07074433,,,,,,
2025-11-05,2,,2325.410509,,,,2065.659444,44.07074433,,,,,,
2025-11-05,3,,0.0,,,,2065.659444,44.07074433,,,,,,
2025-11-06,1,,2326.596715,,,,2065.659444,44.07074433,,,,,,
2025-11-06,2,,2325.553248,,,,2065.659444,44.07074433,,,,,,
2025-11-06,3,,0.0,,,,2065.659444,44.07074433,,,,,,
2025-11-07,1,,2325.813467,,,,2065.659444,44.07074433,,,,,,
2025-11-07,2,,2328.907681,,,,2065.659444,44.07074433,,,,,,
2025-11-07,3,,0.0,,,,2065.659444,44.07074433,,,,,,
2025-11-08,1,,2323.984666,,,,2065.659444,44.07074433,,,,,,
2025-11-08,2,,2319.289841,,,,2065.659444,44.07074433,,,,,,
2025-11-08,3,,0.0,,,,2065.659444,44.07074433,,,,,,
2025-11-09,1,,2325.567537,,,,2065.659444,44.07074433,,,,,,
2025-11-09,2,,2319.832528,,,,2065.659444,44.07074433,,,,,,
2025-11-09,3,,0.0,,,,2065.659444,44.07074433,,,,,,
2025-11-10,1,,2323.83677,,,,2065.659444,44.07074433,,,,,,
2025-11-10,2,,2323.954863,,,,2065.659444,44.07074433,,,,,,
2025-11-10,3,,0.0,,,,2065.659444,44.07074433,,,,,,
2025-11-11,1,,2321.038825,,,,2065.659444,44.07074433,,,,,,
2025-11-11,2,,2315.33642,,,,2065.659444,44.07074433,,,,,,
2025-11-11,3,,0.0,,,,2065.659444,44.07074433,,,,,,
2025-11-12,1,,2316.920846,,,,2065.659444,44.07074433,,,,,,
2025-11-12,2,,2317.46992,,,,2065.659444,44.07074433,,,,,,
2025-11-12,3,,0.0,,,,2065.659444,44.07074433,,,,,,
2025-11-13,1,,2315.099575,,,,2065.659444,44.07074433,,,,,,
2025-11-13,2,,2313.467571,,,,2065.659444,44.07074433,,,,,,
2025-11-13,3,,0.0,,,,2065.659444,44.07074433,,,,,,
2025-11-14,1,,2313.881353,,,,2065.659444,44.07074433,,,,,,
2025-11-14,2,,2312.927987,,,,2065.659444,44.07074433,,,,,,
2025-11-14,3,,0.0,,,,2065.659444,44.07074433,,,,,,
2025-11-15,1,,2317.904992,,,,2065.659444,44.07074433,,,,,,
2025-11-15,2,,2318.193369,,,,2065.659444,44.07074433,,,,,,
2025-11-15,3,,0.0,,,,2065.659444,44.07074433,,,,,,
2025-11-16,1,,2321.421765,,,,2065.659444,44.07074433,,,,,,
2025-11-16,2,,2318.155933,,,,2065.659444,44.07074433,,,,,,
2025-11-16,3,,0.0,,,,2065.659444,44.07074433,,,,,,
2025-11-17,1,,2321.069562,,,,2065.659444,44.07074433,,,,,,
2025-11-17,2,,2338.513794,,,,2065.659444,44.07074433,,,,,,
2025-11-17,3,,0.0,,,,2065.659444,44.07074433,,,,,,
2025-11-18,1,,2320.623566,,,,2065.659444,44.07074433,,,,,,
2025-11-18,2,,2341.996822,,,,2065.659444,44.07074433,,,,,,
2025-11-18,3,,0.0,,,,2065.659444,44.07074433,,,,,,
2025-11-19,1,,2315.994663,,,,2065.659444,44.07074433,,,,,,
2025-11-19,2,,2311.484719,,,,2065.659444,44.07074433,,,,,,
2025-11-19,3,,0.0,,,,2065.659444,44.07074433,,,,,,
2025-11-20,1,,2311.770876,,,,2065.659444,44.07074433,,,,,,
2025-11-20,2,,2305.895484,,,,2065.659444,44.07074433,,,,,,
2025-11-20,3,,0.0,,,,2065.659444,44.07074433,,,,,,
2025-11-21,1,,2314.106575,,,,2065.659444,44.07074433,,,,,,
2025-11-21,2,,2311.01308,,,,2065.659444,44.07074433,,,,,,
2025-11-21,3,,0.0,,,,2065.659444,44.07074433,,,,,,
2025-11-22,1,,2312.503533,,,,2065.659444,44.07074433,,,,,,
2025-11-22,2,,2309.836964,,,,2065.659444,44.07074433,,,,,,
2025-11-22,3,,0.0,,,,2065.659444,44.07074433,,,,,,
2025-11-23,1,,2317.389747,,,,2065.659444,44.07074433,,,,,,
2025-11-23,2,,2320.467492,,,,2065.659444,44.07074433,,,,,,
2025-11-23,3,,0.0,,,,2065.659444,44.07074433,,,,,,
2025-11-24,1,,2317.171317,,,,2065.659444,44.07074433,,,,,,
2025-11-24,2,,2314.352242,,,,2065.659444,44.07074433,,,,,,
2025-11-24,3,,0.0,,,,2065.659444,44.07074433,,,,,,
2025-11-25,1,,2312.676998,,,,2065.659444,44.07074433,,,,,,
2025-11-25,2,,2310.993791,,,,2065.659444,44.07074433,,,,,,
2025-11-25,3,,0.0,,,,2065.659444,44.07074433,,,,,,
2025-11-26,1,,2307.805742,,,,2065.659444,44.07074433,,,,,,
2025-11-26,2,,2306.880857,,,,2065.659444,44.07074433,,,,,,
2025-11-26,3,,0.0,,,,2065.659444,44.07074433,,,,,,
2025-11-27,1,,2311.520482,,,,2065.659444,44.07074433,,,,,,
2025-11-27,2,,2307.20275,,,,2065.659444,44.07074433,,,,,,
2025-11-27,3,,0.0,,,,2065.659444,44.07074433,,,,,,
2025-11-28,1,,2305.285084,,,,2065.659444,44.07074433,,,,,,
2025-11-28,2,,2313.589461,,,,2065.659444,44.07074433,,,,,,
2025-11-28,3,,2335.08129,,,,2065.659444,44.07074433,,,,,,
2025-11-29,1,,2312.078837,,,,2065.659444,44.07074433,,,,,,
2025-11-29,2,,2318.162199,,,,2065.659444,44.07074433,,,,,,
2025-11-29,3,,2311.315541,,,,2065.659444,44.07074433,,,,,,
2025-11-30,1,,2311.612717,,,,2065.659444,44.07074433,,,,,,
2025-11-30,2,,2307.20081,,,,2065.659444,44.07074433,,,,,,
2025-11-30,3,,2311.570136,,,,2065.659444,44.07074433,,,,,,
2025-12-01,1,,2306.448292,,,,2620.591398,44.31528283,,,,,,
2025-12-01,2,,2309.952505,,,,2620.591398,44.31528283,,,,,,
2025-12-01,3,,2312.572713,,,,2620.591398,44.31528283,,,,,,
2025-12-02,1,,2311.970479,,,,2620.591398,44.31528283,,,,,,
2025-12-02,2,,2311.723249,,,,2620.591398,44.31528283,,,,,,
2025-12-02,3,,2301.226941,,,,2620.591398,44.31528283,,,,,,
2025-12-03,1,,2310.71065,,,,2620.591398,44.31528283,,,,,,
2025-12-03,2,,2308.361556,,,,2620.591398,44.31528283,,,,,,
2025-12-03,3,,2303.130071,,,,2620.591398,44.31528283,,,,,,
2025-12-04,1,,2309.657077,,,,2620.591398,44.31528283,,,,,,
2025-12-04,2,,2311.053001,,,,2620.591398,44.31528283,,,,,,
2025-12-04,3,,2303.672489,,,,2620.591398,44.31528283,,,,,,
2025-12-05,1,,2312.336763,,,,2620.591398,44.31528283,,,,,,
2025-12-05,2,,2312.401294,,,,2620.591398,44.31528283,,,,,,
2025-12-05,3,,2303.102964,,,,2620.591398,44.31528283,,,,,,
2025-12-06,1,,2319.001698,,,,2620.591398,44.31528283,,,,,,
2025-12-06,2,,2320.085094,,,,2620.591398,44.31528283,,,,,,
2025-12-06,3,,2312.092701,,,,2620.591398,44.31528283,,,,,,
2025-12-07,1,,2311.333487,,,,2620.591398,44.31528283,,,,,,
2025-12-07,2,,2315.434636,,,,2620.591398,44.31528283,,,,,,
2025-12-07,3,,2311.091231,,,,2620.591398,44.31528283,,,,,,
2025-12-08,1,,2315.750864,,,,2620.591398,44.31528283,,,,,,
2025-12-08,2,,2313.124951,,,,2620.591398,44.31528283,,,,,,
2025-12-08,3,,2313.165408,,,,2620.591398,44.31528283,,,,,,
2025-12-09,1,,2308.416636,,,,2620.591398,44.31528283,,,,,,
2025-12-09,2,,2314.178835,,,,2620.591398,44.31528283,,,,,,
2025-12-09,3,,2304.530256,,,,2620.591398,44.31528283,,,,,,
2025-12-10,1,,2316.729061,,,,2620.591398,44.31528283,,,,,,
2025-12-10,2,,2316.124421,,,,2620.591398,44.31528283,,,,,,
2025-12-10,3,,2309.904772,,,,2620.591398,44.31528283,,,,,,
2025-12-11,1,,2306.558209,,,,2620.591398,44.31528283,,,,,,
2025-12-11,2,,2308.124144,,,,2620.591398,44.31528283,,,,,,
2025-12-11,3,,2310.327848,,,,2620.591398,44.31528283,,,,,,
2025-12-12,1,,2306.606987,,,,2620.591398,44.31528283,,,,,,
2025-12-12,2,,2314.169816,,,,2620.591398,44.31528283,,,,,,
2025-12-12,3,,2306.663704,,,,2620.591398,44.31528283,,,,,,
2025-12-13,1,,2321.61989,,,,2620.591398,44.31528283,,,,,,
2025-12-13,2,,2317.337178,,,,2620.591398,44.31528283,,,,,,
2025-12-13,3,,2308.948717,,,,2620.591398,44.31528283,,,,,,
2025-12-14,1,,2371.727782,,,,2620.591398,44.31528283,,,,,,
2025-12-14,2,,2317.107413,,,,2620.591398,44.31528283,,,,,,
2025-12-14,3,,2313.529385,,,,2620.591398,44.31528283,,,,,,
2025-12-15,1,,0.0,,,,2620.591398,44.31528283,,,,,,
2025-12-15,2,,2314.647808,,,,2620.591398,44.31528283,,,,,,
2025-12-15,3,,2314.628414,,,,2620.591398,44.31528283,,,,,,
2025-12-16,1,,2324.662144,,,,2620.591398,44.31528283,,,,,,
2025-12-16,2,,2316.316293,,,,2620.591398,44.31528283,,,,,,
2025-12-16,3,,2304.52011,,,,2620.591398,44.31528283,,,,,,
2025-12-17,1,,2313.349922,,,,2620.591398,44.31528283,,,,,,
2025-12-17,2,,2307.990294,,,,2620.591398,44.31528283,,,,,,
2025-12-17,3,,2304.229674,,,,2620.591398,44.31528283,,,,,,
2025-12-18,1,,2312.427975,,,,2620.591398,44.31528283,,,,,,
2025-12-18,2,,2308.345889,,,,2620.591398,44.31528283,,,,,,
2025-12-18,3,,2305.533134,,,,2620.591398,44.31528283,,,,,,
2025-12-19,1,,2310.383149,,,,2620.591398,44.31528283,,,,,,
2025-12-19,2,,2304.821643,,,,2620.591398,44.31528283,,,,,,
2025-12-19,3,,2304.546245,,,,2620.591398,44.31528283,,,,,,
2025-12-20,1,,2309.196477,,,,2620.591398,44.31528283,,,,,,
2025-12-20,2,,2309.423182,,,,2620.591398,44.31528283,,,,,,
2025-12-20,3,,2306.715212,,,,2620.591398,44.31528283,,,,,,
2025-12-21,1,,2311.802834,,,,2620.591398,44.31528283,,,,,,
2025-12-21,2,,2312.43637,,,,2620.591398,44.31528283,,,,,,
2025-12-21,3,,2303.106791,,,,2620.591398,44.31528283,,,,,,
2025-12-22,1,,2307.995059,,,,2620.591398,44.31528283,,,,,,
2025-12-22,2,,2309.1544,,,,2620.591398,44.31528283,,,,,,
2025-12-22,3,,2306.620169,,,,2620.591398,44.31528283,,,,,,
2025-12-23,1,,2309.595337,,,,2620.591398,44.31528283,,,,,,
2025-12-23,2,,2307.732282,,,,2620.591398,44.31528283,,,,,,
2025-12-23,3,,2302.915799,,,,2620.591398,44.31528283,,,,,,
2025-12-24,1,,2310.265831,,,,2620.591398,44.31528283,,,,,,
2025-12-24,2,,2308.206758,,,,2620.591398,44.31528283,,,,,,
2025-12-24,3,,2305.101942,,,,2620.591398,44.31528283,,,,,,
2025-12-25,1,,2310.128652,,,,2620.591398,44.31528283,,,,,,
2025-12-25,2,,2309.954087,,,,2620.591398,44.31528283,,,,,,
2025-12-25,3,,2308.012304,,,,2620.591398,44.31528283,,,,,,
2025-12-26,1,,2309.731231,,,,2620.591398,44.31528283,,,,,,
2025-12-26,2,,2305.830385,,,,2620.591398,44.31528283,,,,,,
2025-12-26,3,,2302.982422,,,,2620.591398,44.31528283,,,,,,
2025-12-27,1,,2303.775603,,,,2620.591398,44.31528283,,,,,,
2025-12-27,2,,2305.142187,,,,2620.591398,44.31528283,,,,,,
2025-12-27,3,,2305.179554,,,,2620.591398,44.31528283,,,,,,
2025-12-28,1,,2305.271627,,,,2620.591398,44.31528283,,,,,,
2025-12-28,2,,2306.582616,,,,2620.591398,44.31528283,,,,,,
2025-12-28,3,,2308.365377,,,,2620.591398,44.31528283,,,,,,
2025-12-29,1,,2308.905329,,,,2620.591398,44.31528283,,,,,,
2025-12-29,2,,2312.305005,,,,2620.591398,44.31528283,,,,,,
2025-12-29,3,,2306.603547,,,,2620.591398,44.31528283,,,,,,
2025-12-30,1,,2310.426383,,,,2620.591398,44.31528283,,,,,,
2025-12-30,2,,2310.277219,,,,2620.591398,44.31528283,,,,,,
2025-12-30,3,,2304.738762,,,,2620.591398,44.31528283,,,,,,
2025-12-31,1,,2308.394828,,,,2620.591398,44.31528283,,,,,,
2025-12-31,2,,2309.213905,,,,2620.591398,44.31528283,,,,,,
2025-12-31,3,,2305.557774,,,,2620.591398,44.31528283,,,,,,
,1,,,,,,,,,,,,,
,1,,,,,,,,,,,,,
,1,,,,,,,,,,,,,
,2,,,,,,,,,,,,,
,2,,,,,,,,,,,,,
,2,,,,,,,,,,,,,
,3,,,,,,,,,,,,,
,3,,,,,,,,,,,,,
,3,,,,,,,,,,,,,
